"SERIES","Exportaciones por países. BH51101","Exportaciones por países. BH51102","Exportaciones por países. BH51103","Exportaciones por países. BH51104","Exportaciones por países. BH51105","Exportaciones por países. BH51106","Exportaciones por países. BH51107","Exportaciones por países. BH51108","Exportaciones por países. BH51109","Exportaciones por países. BH51110","Exportaciones por países. BH51111","Exportaciones por países. BH51112","Exportaciones por países. BH51113","Exportaciones por países. BH51114"
"DESCRIPCIÓN","América. América del Norte. Estados Unidos","América. América del Norte. México","América. América del Norte. Canadá","América. América del Norte. Total","América. América del Sur. Brasil","América. América del Sur. Argentina","América. América del Sur. Total","Total América Exportaciones","Europa. Unión Europea","Europa. Total","Asia. China","Asia. Japón","Asia. Corea del Sur","Asia. Total"
"UNIDAD","Millones de dólares FOB","Millones de dólares FOB","Millones de dólares FOB","Millones de dólares FOB","Millones de dólares FOB","Millones de dólares FOB","Millones de dólares FOB","Millones de dólares FOB","Millones de dólares FOB","Millones de dólares FOB","Millones de dólares FOB","Millones de dólares FOB","Millones de dólares FOB","Millones de dólares FOB"
"ENE2003","436.85444651","72.17491181","18.24114238","527.2705007","50.887365297","18.497333773","225.0239582","790.34325672","363.71835125","389.80546966","122.73075","254.14534076","60.436042396","525.96477839"
"FEB2003","313.62611579","70.03558571","14.51432547","398.17602697","65.00962328","19.77017082","236.89178272","672.74777029","352.63715097","361.61777262","142.71080821","179.98706592","94.00980806","530.27918555"
"MAR2003","428.21924859","64.777542662","15.964151516","508.96094277","61.391728812","21.396751584","248.64610732","788.74877243","465.03075343","491.17478949","126.28406759","201.95699089","89.76580713","551.40498894"
"ABR2003","367.56548411","76.153028983","57.7705648","501.48907789","57.333226579","20.33578349","245.42073987","788.64790965","488.02914566","511.48606071","142.09876167","124.66873534","81.339976372","471.33887828"
"MAY2003","280.54538486","75.02723896","45.60837236","401.18099618","76.748804214","25.491595982","292.81153738","729.6831657","465.30319846","527.73646831","190.39172554","209.11132142","71.61786106","603.06082672"
"JUN2003","233.72943461","58.70326432","13.89889732","306.33159625","60.383488916","23.547623285","258.30551688","597.86210443","404.40141422","426.2045362","138.47107266","191.45151278","101.0011973","571.60866324"
"JUL2003","274.84863707","85.967798251","48.958539","409.77497432","71.418974532","32.667615628","299.40794997","747.93254707","376.22802814","402.85096971","154.97503317","187.17483503","90.775234017","568.08765135"
"AGO2003","252.66258563","78.62837238","60.96411709","392.2550751","75.6610437","22.727103187","304.79945596","738.2186339","451.27832433","466.05465486","158.12495319","193.05717779","97.883160515","537.31945002"
"SEP2003","232.87719457","76.590753386","12.756633","322.22458096","75.598166968","27.533416514","283.57726329","651.25687491","396.50495506","443.62855403","180.64402831","163.60398224","108.69815955","562.36864715"
"OCT2003","317.74728528","103.06626357","76.85180183","497.66535068","93.260774608","32.110648548","328.90287664","867.93022967","358.42444742","445.00090723","202.11594211","189.63515643","72.26066562","557.52240766"
"NOV2003","230.17417895","81.22399623","59.87431768","371.27249286","71.111746285","26.617273679","292.66491517","707.68842001","322.50184417","435.05871054","172.74398807","261.121589","119.21130894","702.45014051"
"DIC2003","412.79576026","70.02613522","11.84051998","494.66241546","81.592621491","33.972204626","349.27459497","883.44774081","465.83740143","586.94593093","177.72875854","269.46279934","103.57818124","666.9557766"
"ENE2004","451.55848132","84.91895085","58.58040063","595.0578328","112.87703536","25.320895978","311.67215155","948.30372817","482.6465851","552.130594","163.36002766","295.66678422","131.84301715","772.21631007"
"FEB2004","415.17245659","87.29984327","53.1583081","555.63060796","96.448935835","29.08391974","301.11688512","897.05455575","600.67810467","671.36995036","249.55744564","333.14148403","201.31759888","986.44226919"
"MAR2004","497.0963273","116.72121143","15.590698349","629.40823708","100.8762502","37.431967943","334.3993595","1016.5897358","786.85247153","853.76919215","221.06539264","264.57016006","146.18225451","887.71911263"
"ABR2004","429.3697372","113.02478594","58.38177124","600.77629438","131.32422782","29.430620022","354.69092664","999.38479563","697.04214372","764.89166858","225.19780526","325.5490582","162.57777701","1006.1830908"
"MAY2004","305.75563148","90.71234154","80.88705771","477.35503073","108.98939411","43.524217559","377.10744578","906.18274582","700.84297987","739.40784478","256.94104051","301.72427157","199.18102315","995.83014234"
"JUN2004","359.76633426","100.9367865","91.65396612","552.35708688","120.71559409","32.933880394","372.45060633","968.20037859","594.62917862","610.71068928","251.22967527","359.84399767","117.56616194","881.13979163"
"JUL2004","374.80385052","122.26772791","18.3380903","515.40966873","104.29367156","33.593141714","350.72639497","905.18186141","792.11205992","870.23285392","321.1562855","286.87677813","178.97834589","1031.9362259"
"AGO2004","361.00322054","118.05255102","103.4076556","582.46342716","136.17796189","35.505820414","402.50893797","1053.9369973","692.11115547","715.56978704","268.51402087","395.88385582","148.51020603","1002.3430685"
"SEP2004","423.18443421","126.59252702","98.02160946","647.79857069","152.36922914","35.552405057","406.12164771","1101.0178596","711.28402059","785.75601334","322.9675262","260.49747571","141.76226163","871.56154237"
"OCT2004","360.15111876","104.73201067","83.11193029","547.99505972","115.29267454","38.224748366","352.85932494","971.64911722","615.19113665","722.25714777","364.33744941","339.29801654","124.42291205","1044.3239394"
"NOV2004","434.28946255","147.19555939","73.65896327","655.14398522","135.9758886","41.966538002","403.88519009","1140.6408587","609.88123242","703.33293061","394.87245404","323.72970302","168.36548616","1081.0849911"
"DIC2004","598.59072295","132.00403162","89.89158327","820.48633784","90.270920117","44.771617117","381.99895967","1287.810226","620.51432937","696.14672973","402.5943753","420.69047526","163.06423189","1182.4641495"
"ENE2005","571.6677094","102.33406539","40.14930951","714.1510843","172.57678104","41.218698877","411.10565325","1147.6102224","720.24224465","762.88901277","242.98765112","389.23593172","145.82959439","957.65288063"
"FEB2005","521.64772422","104.09794286","51.76826009","677.51392717","76.030393196","39.897563822","316.19740474","1029.2064858","665.499147","709.30606628","407.60107762","329.88352197","187.18044708","1104.9408492"
"MAR2005","566.72420799","125.12321043","44.68008633","736.52750475","149.98710569","48.290272332","426.66909112","1233.6028448","974.58043748","1099.0441633","347.93089896","445.1740831","182.49951017","1258.0430867"
"ABR2005","640.08669793","133.13785018","168.90496085","942.12950896","144.09617302","42.552862359","428.95398337","1427.3387282","810.38642409","853.4809057","385.09232784","343.16287125","192.96937633","1164.4754561"
"MAY2005","399.29078383","113.90736657","105.60924363","618.80739403","140.90641447","42.030977039","442.76195726","1118.3112744","849.55763656","947.0240031","419.57321826","268.56789276","172.78798472","1172.3712143"
"JUN2005","437.95709871","129.740988","98.59859042","666.29667713","141.26647116","53.514350653","443.29958946","1174.0651833","794.01221831","820.08685451","488.24361993","524.18612069","175.20598961","1438.8384448"
"JUL2005","453.54357109","150.62042095","96.87514682","701.03913886","192.50912981","52.015325542","503.58079375","1255.2262381","728.74109174","805.59532664","405.35830571","431.76626086","193.10236532","1318.4293951"
"AGO2005","547.45414797","149.89962678","89.00663153","786.36040628","156.93008547","81.685232177","531.22049838","1379.4296724","659.79220747","708.32670664","416.54184887","357.8773943","187.4418833","1221.9980426"
"SEP2005","494.81732078","133.93040149","76.38709498","705.13481725","156.32210988","51.907879068","483.9555764","1257.338369","789.68771494","873.74965286","446.85612078","434.08354881","191.44931135","1305.670149"
"OCT2005","571.97456408","180.83706405","70.65943551","823.47106364","193.57657967","52.757707248","531.60879858","1390.2145371","805.06996448","904.25288738","348.16901192","348.98153068","278.81400994","1158.7658899"
"NOV2005","689.61062897","131.49093506","187.52229315","1008.6238572","148.91165587","52.059144309","509.53393857","1561.8863889","684.40824385","842.1228783","488.93066463","540.71625738","293.98202886","1645.9224085"
"DIC2005","811.81633746","146.63422933","79.41983775","1037.8704045","180.87148177","47.893298944","521.99738679","1605.6150304","907.61775055","1058.8755154","498.23541875","598.20138536","277.85837581","1720.8742043"
"ENE2006","839.91383057","169.31756881","32.52884975","1041.7602491","216.98762046","46.488265319","524.35011461","1607.6690896","951.61370787","973.19672858","258.90797904","659.46426749","216.30836433","1438.8439408"
"FEB2006","564.25600711","145.93641644","106.34355676","816.53598031","159.99931674","72.599085945","492.43092505","1383.5276073","1103.9081364","1290.3955176","460.74312985","447.01691089","283.36355157","1566.2823088"
"MAR2006","998.31229128","239.34992855","106.95414892","1344.6163687","295.44041391","54.456163143","679.16394673","2072.5981916","1436.1511569","1467.0038474","434.3143949","692.87690438","385.61933915","2039.1050232"
"ABR2006","943.11504221","187.2088235","77.50627772","1207.8301434","214.88540684","83.438183278","593.7038626","1874.6821628","1544.9158322","1571.6678562","465.3018312","522.81667092","340.66503842","1758.0716974"
"MAY2006","625.91683234","207.69182559","104.66657476","938.27523269","246.55538581","58.003804978","665.73823421","1686.4731404","1493.4517509","1599.3140972","290.87137449","440.3918551","186.08039524","1354.8300032"
"JUN2006","938.10242552","182.07956566","224.90999977","1345.0919909","215.57251476","75.12762397","634.02390478","2074.2983181","1562.0445046","1704.030876","593.22580605","717.10082607","459.78467976","2189.4374962"
"JUL2006","888.51110856","255.66474019","53.52083543","1197.6966842","234.36513358","63.102674668","677.50282209","1965.3666792","1220.0485689","1409.6259993","412.98599682","435.70460357","293.5942558","1559.7141437"
"AGO2006","866.97046601","223.47374132","204.18436907","1294.6285764","312.230443","58.050712235","723.85292494","2088.8266429","1301.9268769","1352.3210309","377.09956332","581.91666445","290.96579168","1622.4877422"
"SEP2006","750.40295199","185.0470192","115.23230278","1050.682274","190.88090354","70.470479194","626.47978535","1750.2634098","1432.1739556","1553.0243005","419.57674271","489.77708197","351.78652786","1587.9020967"
"OCT2006","610.36925035","176.4642362","123.017771","909.85125755","280.40891861","52.055883321","711.43045112","1676.0765755","1116.7465591","1204.3717757","436.97687482","392.7486449","269.97419355","1472.8477056"
"NOV2006","538.93072043","157.6606747","122.50070502","819.09210015","229.66825518","56.355841414","671.88233166","1614.5406818","843.20189767","975.06605812","427.68320088","365.98867006","243.32487011","1469.4765149"
"DIC2006","830.16348762","186.00391516","44.28448517","1060.451888","216.77043365","49.160544823","642.13629912","1763.3073773","1483.1835927","1684.7047574","677.16296287","733.83220122","412.37248101","2292.9254801"
"ENE2007","891.97190982","159.44016169","86.58535681","1137.9974283","209.82715798","49.217163481","583.31591588","1800.5219619","1344.4499277","1406.9443169","723.42870027","678.12793751","327.15643278","2139.9472698"
"FEB2007","655.42612387","133.04737752","102.37162146","890.84512285","336.16519177","47.997435663","708.29569951","1650.8912736","1227.2821666","1304.9663363","950.96505818","502.86420974","293.15687307","2171.174445"
"MAR2007","965.61961721","231.09126941","178.78719431","1375.4980809","279.1361219","56.934971595","709.38710893","2152.4483349","1397.7035848","1520.0812975","986.54453405","700.88569208","309.77057703","2306.8176806"
"ABR2007","719.52260419","198.62295718","44.44926411","962.59482548","250.61250576","53.935013395","668.5505087","1699.9096171","1736.5566415","1862.6003585","957.51313692","587.51514264","381.47776941","2590.2071691"
"MAY2007","806.74045465","252.21792011","132.1862625","1191.1446373","322.08849685","62.326790855","790.30004952","2074.7554343","1509.0213841","1562.035295","1011.5783387","572.95690058","368.2397591","2684.0759094"
"JUN2007","635.53291029","238.99006584","134.86758809","1009.3905642","339.09586022","58.087655309","803.04069361","1886.1821361","1563.8560021","1608.8823853","829.14476192","714.22094132","308.94976513","2377.9083105"
"JUL2007","931.54769692","225.48851924","49.60589691","1206.6421131","290.30228941","75.636650692","817.35503523","2105.8335794","1149.9400396","1220.7225669","591.81406877","524.91795693","375.71493485","2073.9195179"
"AGO2007","671.07553294","182.18109724","47.72335228","900.97998246","320.52650714","82.408687582","870.55091927","1865.8202089","1426.0656987","1536.3732707","625.08705591","586.79992071","318.39012699","2110.7470837"
"SEP2007","691.88309066","162.23193779","107.42259028","961.53761873","258.39840773","61.246539277","732.58522553","1754.0948635","1261.5378278","1290.971503","821.93683965","626.00891599","270.46872963","2114.0557963"
"OCT2007","535.73322673","178.62167704","205.40871376","919.76361753","256.33657452","90.581991786","862.43451753","1883.7558228","1401.1790415","1568.8059359","947.75306969","669.2655795","322.70348021","2289.272927"
"NOV2007","606.90620936","201.64479809","92.59419954","901.14520699","292.94226154","76.326791069","821.86620832","1780.6961003","988.58116936","1080.3667077","1073.4413539","644.79761461","268.39857571","2483.0928544"
"DIC2007","538.06106656","158.11365292","122.65014714","818.82486662","241.47853317","81.729330356","751.16058889","1671.6371048","1251.9428622","1338.9152884","986.70668322","707.90265714","519.15357063","2630.4009771"
"ENE2008","1033.6174583","205.68437434","97.426756171","1336.7285888","270.38791748","67.026963498","780.13440679","2186.9654171","1424.4673811","1489.1556138","1027.4905982","729.40583288","275.7650138","2516.1989397"
"FEB2008","781.60291932","218.2629767","223.74577235","1223.6116684","369.82935446","75.024970524","857.30148865","2180.4078175","1305.5942086","1370.6400503","1016.8626849","660.76662274","351.89308258","2498.8748696"
"MAR2008","674.96977075","202.80000173","92.482798083","970.25257055","431.54891411","75.50051405","949.59810065","2034.9096051","1931.3807239","2039.5452148","891.24098749","758.09614431","349.17096132","2572.6421457"
"ABR2008","872.61675792","210.32564796","155.67634951","1238.6187554","449.13238582","80.822818694","1009.7762294","2389.5750034","1787.6625703","1888.6516033","707.98201378","532.33594718","359.43053165","1934.9179511"
"MAY2008","689.38225819","199.81244778","120.8948599","1010.0895659","333.24103239","77.577140349","1009.3208393","2112.5163306","1675.4354503","1801.6472197","819.36805845","505.00325243","354.11433954","2129.0456689"
"JUN2008","579.05959666","182.63854068","130.77687275","892.47501009","239.50695124","72.620678462","835.31340315","1826.5906972","1524.6817548","1609.2276805","730.97491256","551.91665209","383.47902273","2315.8520386"
"JUL2008","814.39368305","193.7252329","103.70796416","1111.8268801","439.43365228","102.90448119","1169.1457485","2426.9607788","1392.6797785","1486.6043525","619.15876705","432.28474024","300.03859389","1846.5642197"
"AGO2008","616.42134365","188.04813667","62.448765557","866.91824587","351.06339892","90.294543592","1023.251816","1977.5854458","1258.0841558","1330.3393556","635.83052633","450.65776316","239.69824033","1631.3833462"
"SEP2008","464.50003722","158.88670267","89.53987053","712.92661042","281.31930356","85.676709827","913.51151009","1739.2213634","1007.0958315","1085.7614186","653.82171919","324.56627175","196.03065482","1449.8936844"
"OCT2008","409.32445063","128.74601195","42.70422737","580.77468995","262.49211044","122.08937971","1005.1711467","1715.4532333","866.31356838","979.08712353","509.6990767","438.68750271","150.09281768","1328.6028549"
"NOV2008","417.3618309","124.27559741","57.84665389","599.48408221","216.08008655","70.480488706","863.06212947","1543.0328655","665.21170831","738.72638136","311.54569539","394.09734938","143.86186869","1038.2039697"
"DIC2008","671.50373107","146.13190811","68.253152571","885.88879175","220.84786303","68.09633365","770.72205079","1728.4014842","768.21834516","832.314399","595.61129102","562.68777696","220.01881631","1622.1651424"
"ENE2009","762.18153908","91.246615681","46.041922581","899.47007735","164.32510434","57.009356648","555.86748192","1502.4256614","642.45937653","687.57334445","528.38902167","416.30788512","186.10268099","1378.9824355"
"FEB2009","581.06579649","98.950640067","89.427811023","769.44424758","117.25995435","46.92897656","487.93609111","1290.4336665","668.25790808","714.23407351","677.64795377","300.54463584","172.64725765","1377.7766475"
"MAR2009","656.34260508","110.7158125","88.485496826","855.54391441","174.67281632","61.59071077","622.86270067","1525.747524","900.96679331","973.10019001","883.86917251","439.00842307","195.70652088","1748.7329514"
"ABR2009","516.84226381","126.58767098","102.0954884","745.52542319","288.05621509","54.727062995","700.7914515","1502.8110411","795.48641577","881.15413452","1057.2132875","336.50033661","213.24777838","1932.5994648"
"MAY2009","387.33324651","140.66415394","92.167253196","620.16465365","223.23432016","60.522200328","659.41097651","1319.9589394","728.00433478","800.49835995","1087.909676","392.30820989","266.23152611","2092.6191865"
"JUN2009","374.3507632","122.50062556","82.166659649","579.01804841","195.51825346","57.725770952","625.09468481","1283.8347632","754.0493777","851.98680603","1181.4776181","393.80331782","299.35855171","2262.3084057"
"JUL2009","434.94009107","136.76314246","96.840115997","668.54334953","237.75276741","61.44672421","706.52375811","1417.5597378","916.36410132","1008.1565539","1098.4115094","433.83808977","266.81853675","2203.4866888"
"AGO2009","393.10558518","137.38713928","127.71204025","658.20476471","237.44368474","56.667314753","726.54908191","1462.0348435","773.83764937","859.9278697","1269.7723945","353.24845741","264.26452161","2232.2674694"
"SEP2009","380.47282594","123.8868334","78.596143397","582.95580274","280.94697047","58.081436929","751.95850636","1407.110045","784.00337975","870.12070454","892.49396343","341.9170867","328.44203988","2004.023896"
"OCT2009","467.49545172","140.15664119","171.08669446","778.73878737","259.90367652","59.512952294","794.07648337","1632.2586172","989.46157299","1117.2433225","1570.8403512","484.84285379","352.60164767","2828.2234617"
"NOV2009","473.71249538","117.75720296","89.03645442","680.50615275","313.41764174","76.360364601","875.39169987","1650.0033023","790.08405257","916.54981791","1400.0562405","636.53133769","320.44151227","2701.2185703"
"DIC2009","771.36412782","135.52381118","215.49511135","1122.3830504","329.1343579","70.25655672","862.60397301","2029.5960388","925.06914698","1020.4220327","1380.1296968","574.45376868","389.21715299","2777.329688"
"ENE2010","750.1493906","135.87476684","69.706604678","955.73076211","278.2501373","62.124659049","710.30939051","1710.0937406","891.22644291","978.10301796","1237.7912234","542.66553164","229.95964808","2310.9338987"
"FEB2010","536.71937319","128.97767424","138.60750906","804.30455649","271.46141191","71.932115247","657.22303683","1504.7559539","886.29484031","984.20112021","1331.6032729","363.52242677","292.7203267","2430.0394745"
"MAR2010","596.66077312","147.22583243","186.56953536","930.4561409","224.93811577","71.587343971","658.64512026","1628.4864224","928.9397921","1016.5407467","1425.3526228","548.54009645","328.3267695","2762.0654175"
"ABR2010","687.76786141","160.11543091","89.198478018","937.08177034","301.79408043","69.788202199","750.453329","1736.2062902","892.50291109","1004.4184538","1164.6823772","676.33811621","285.65788357","2487.0320595"
"MAY2010","659.11605635","151.67668901","101.98520438","912.77794974","478.47587003","85.554011033","964.1413454","1935.3309234","1094.86047","1207.6686792","1010.1922561","635.98790436","302.87051659","2413.6144678"
"JUN2010","541.0985694","163.75686901","137.8690116","842.72445002","295.62869332","83.080577599","813.86173979","1707.6886245","863.13733088","969.87817083","1417.6641643","402.48519715","300.25197689","2607.0941281"
"JUL2010","468.55813266","174.44392443","111.5134123","754.51546938","320.72619091","85.951717925","927.39602611","1743.5585689","966.769165","1089.3018182","1526.4691903","702.11268908","319.60581871","3056.950392"
"AGO2010","468.71500723","154.50998172","71.791487306","695.01647626","370.83015409","81.999239209","934.90101531","1686.8212852","1192.6105039","1274.2740277","1360.976525","864.05444278","382.78979107","3264.0448593"
"SEP2010","439.82160591","175.58282734","81.635339086","697.03977233","420.2074538","85.435072719","992.15182864","1743.8308806","1092.7273346","1193.7969754","1465.6453147","741.33480572","320.9342904","3119.1895557"
"OCT2010","515.58341441","189.76916839","117.27146561","822.62404841","385.6194233","96.696327157","979.38502089","1892.5306899","1130.8085059","1288.2551635","1536.9098851","557.39923187","415.55860338","3094.5159404"
"NOV2010","516.03775356","146.78801627","63.858997909","726.68476774","439.42338033","115.29564921","1069.9831983","1856.9531187","1000.570557","1149.7830792","1786.1914263","831.18369474","462.0226395","3466.7730456"
"DIC2010","700.72964958","192.82949954","116.56158802","1010.1207371","436.46451689","82.648630964","1015.1117286","2082.1568809","1386.9630205","1567.5327232","2061.4285743","854.12517609","584.5413578","4015.394033"
"ENE2011","881.78950581","160.62441683","107.81047509","1150.2243977","342.69553105","82.35305609","849.96312327","2038.3389489","1054.0125554","1189.8292183","1365.3362249","930.08113184","315.67968789","3063.4922974"
"FEB2011","865.68682803","155.27795669","100.03183132","1120.996616","332.42748899","78.701204544","828.90154617","2004.7991219","1236.748599","1346.7353774","1095.1393267","634.86607466","394.29432793","2583.0229059"
"MAR2011","1123.4833091","165.08315428","158.76014096","1447.3266043","388.5319018","93.539295248","1022.3142644","2540.1043522","1557.1985105","1712.4140533","1418.2810952","703.46002153","502.64265403","3386.9264311"
"ABR2011","887.23681313","159.87916908","174.70931423","1221.8252964","433.09718645","96.062992707","1120.9505831","2409.6492734","1484.7927638","1677.1855862","1328.9690887","822.93009494","362.21093905","3014.4724451"
"MAY2011","755.78945424","142.96651137","125.87513792","1024.6311035","406.64054642","100.64332231","1068.2473323","2179.0693935","1456.1076454","1645.2200583","1398.7517185","871.3429457","371.07847604","3430.2297509"
"JUN2011","628.98355689","146.62334086","189.38503674","964.99193449","372.41085697","94.115954049","959.20115483","1986.1809282","1337.1617021","1485.7847939","1657.3253823","697.59603229","379.7238971","3118.2994071"
"JUL2011","632.23087117","159.76055215","141.56663741","933.55806072","445.85277935","90.352466596","1099.5130046","2101.0555832","942.24293032","1083.6021296","1568.2292679","644.9518834","330.66591376","3068.4673298"
"AGO2011","692.6399633","159.00703897","102.23281268","953.87981495","329.47249619","100.8207035","1043.365235","2067.5086817","1087.4119776","1255.3539193","1589.282965","591.23522954","323.80857927","2935.8576937"
"SEP2011","619.48317082","163.35891514","99.873806744","882.7158927","368.48205833","118.16036518","1128.0752016","2075.6339498","1011.3426131","1169.3705908","1708.8731049","608.15442393","347.41489926","3142.486169"
"OCT2011","566.63366063","125.54295176","115.34200565","807.51861804","400.74109547","104.0123066","1143.4445725","2009.9007048","1028.1580167","1177.7080348","1599.5839212","853.76760217","421.43174273","3312.5651854"
"NOV2011","644.52524087","154.58640625","94.285978491","893.39762561","328.4630449","120.46365197","1045.9405995","1998.325243","1075.3540868","1233.0825534","1723.7503421","888.82870012","283.78434396","3449.2911067"
"DIC2011","687.77476461","127.95580922","64.066061509","879.79663534","346.94166292","102.65588172","985.27708184","1915.9672178","962.41403364","1119.0063553","2175.7251533","867.38698225","414.24521029","3951.0058092"
"ENE2012","870.00242498","94.29558881","103.34416199","1067.6421758","281.63748371","91.04628502","845.51895608","1959.7803904","882.66566741","986.09296112","1581.1171446","694.87872321","382.74066186","3247.767513"
"FEB2012","775.71046855","108.63040065","140.43475121","1024.7756204","332.81227391","91.569830678","866.68583159","1948.6789665","1004.8149121","1149.6362059","1373.2413653","710.31853074","404.11567968","3132.3786321"
"MAR2012","982.30754895","142.4540622","147.02349682","1271.785108","351.28363513","71.756356476","975.35605189","2324.9775633","1241.1937415","1417.2146356","1321.5483059","806.54508115","443.31230216","3108.2050506"
"ABR2012","898.88924497","121.3981302","107.15677432","1127.4441495","366.7696235","79.184803324","936.56125818","2129.8410374","1096.1275153","1306.4421783","1251.0332658","754.89207993","383.28065976","2875.3327905"
"MAY2012","709.03534268","110.97608121","96.83162358","916.84304747","367.74788417","88.542146112","1027.2751334","2013.7629049","1002.5211489","1191.2464097","1416.5801759","677.78464555","385.67650828","3063.8321236"
"JUN2012","794.79076646","95.48706896","67.24507805","957.52291347","464.90288605","78.626277666","1104.4137718","2125.1323595","1110.5214062","1336.9535659","1441.2154911","793.30743425","380.1915697","3080.4271247"
"JUL2012","611.50000623","145.00580598","98.34333594","854.84914815","335.44297118","88.410966802","941.75432059","1866.4057466","811.75850354","944.68618732","1341.2125437","731.52323463","376.46155886","2966.4837617"
"AGO2012","680.49891234","99.75536724","105.95657811","886.21085769","284.02285465","102.01023383","956.50711914","1917.1975216","792.11379708","952.57248706","1560.960053","537.88885734","335.0132999","2817.9481017"
"SEP2012","580.17254561","92.499287363","73.5609481","746.23278108","309.64460446","83.509549466","892.90869099","1702.1436299","921.08545739","1113.7227192","1341.5937746","583.45051793","335.06607348","2798.7731326"
"OCT2012","814.3540727","121.86514385","128.09050969","1064.3097262","476.91044533","97.100882604","1172.3240548","2303.9385568","1064.4877314","1300.1379446","1823.5226794","802.69768501","375.41720639","3566.1291906"
"NOV2012","854.67597754","92.712693757","112.3969196","1059.7855909","393.12463372","98.117470235","1025.7057391","2155.0515547","835.16551742","1060.8551465","1563.4560996","631.58730957","339.3707457","3147.5882521"
"DIC2012","970.20006623","117.2882544","98.71477355","1186.2030942","327.42931833","91.035847331","952.11100661","2219.4129084","929.31154455","1171.2713697","2062.7925492","601.7880046","399.35378007","3526.9558069"
"ENE2013","1190.9752532","115.36340682","148.07578247","1454.4144425","360.21503898","82.470000649","964.16668628","2480.2066528","769.85298283","938.88679354","1678.6234475","709.84853336","296.08863917","3199.0924121"
"FEB2013","963.98951638","99.193866056","103.49696613","1166.6803486","259.49523903","75.954996411","751.44407584","1970.3499442","815.22456107","1002.6271082","1214.203191","524.45617847","383.42515353","2524.0539686"
"MAR2013","1014.9555622","120.41688039","105.2664428","1240.6388854","313.07163279","83.310793867","974.95295822","2278.9567596","900.91092298","1150.92741","1031.7444523","744.59805106","242.25357605","2598.9918851"
"ABR2013","1196.5743309","109.8876774","222.93523707","1529.3972454","349.2915688","90.750906411","936.94413003","2528.6024312","1220.4575463","1369.901902","1440.1681933","513.50455647","414.37302549","2742.0332073"
"MAY2013","886.43782025","118.94187006","127.61186202","1132.9915523","431.0681344","96.084994571","1088.8796796","2298.288939","1129.2071015","1324.1560721","1756.9796032","609.9668903","411.86341077","3166.0747336"
"JUN2013","769.23555182","108.99378276","58.523975905","936.75331048","399.98020797","78.207479141","994.26570041","2004.8451445","1039.7391812","1269.8347325","1426.3057689","738.91544038","374.97908115","2966.9714766"
"JUL2013","660.2184862","125.57407125","91.609414369","877.40197183","382.96792855","88.51703714","1019.1024451","1975.7139519","877.30968936","1039.1029687","1478.6177812","688.40901395","332.16095459","3143.6280203"
"AGO2013","644.29584419","104.64178611","135.77397844","884.71160874","428.94671922","93.392805866","1076.5391525","2033.5294302","911.38452936","1114.4072333","1835.0031025","518.710713","355.89641379","3185.0754852"
"SEP2013","474.67233957","78.182108246","119.06246778","671.9169156","378.03143406","76.857928999","951.80041522","1675.3115727","899.8497745","1090.7255821","1555.1931463","558.42464028","327.65030219","2989.9319576"
"OCT2013","633.0958153","123.7227504","109.39850356","866.21706926","394.41447626","104.63878428","1116.2729673","2058.3956543","934.26185453","1175.6410893","2034.8231464","660.02851324","463.69057449","3644.0327341"
"NOV2013","612.69675155","127.26192583","44.86688293","784.82556031","401.47076193","94.469534417","1049.9010667","1895.6212887","713.99892201","945.73244113","1742.315079","469.95242975","273.38826465","3132.8801692"
"DIC2013","683.48702226","82.122346919","152.23686882","917.84623799","294.15093751","76.535276827","889.74950909","1880.1704679","727.08655978","866.86633625","1873.2474134","750.18359224","314.11926944","3382.7934362"
"ENE2014","860.159207457272","73.1759426569848","60.383093706843","993.7182438211","309.71353860203","75.426650395587","753.990110913553","1800.16555034337","723.292037587396","854.701687903076","1518.92622001594","569.803720358396","277.51244878082","2751.85832502434"
"FEB2014","760.380094931837","104.622078905397","54.846130074079","919.848303911313","401.94332066635","69.979565961172","918.447729076714","1892.2089455155","975.166206279584","1118.92089597958","1581.25490083277","639.588386620678","440.47251846","3000.71102342549"
"MAR2014","1001.15591462786","134.561422341052","161.563233710436","1297.28057067935","337.82296256067","87.824050692713","958.416571709844","2333.86611852235","1092.53935019088","1230.64940933088","1579.68353084429","835.054901664813","435.556885351986","3540.3101123836"
"ABR2014","945.34358341548","118.4469971994","86.2397586787067","1150.03033929359","391.76392549904","67.459265209355","921.427626778731","2142.96282348555","1041.1837792667","1194.90853768896","1485.23304828425","606.39826683","421.44695849","3093.44394626709"
"MAY2014","865.607215231437","111.548729338134","129.523849237667","1106.67979380724","377.16606277254","70.090827549286","1038.57231690281","2232.7340026698","1090.78941076744","1273.53449076067","1407.49470763765","747.288536007243","375.51110073","3220.573919506"
"JUN2014","725.965417842319","104.915862225317","70.16764740031","901.048927467946","293.20500000523","87.418341869807","880.030223825673","1869.74808188415","1051.99377528031","1231.66081669575","1335.20941264073","473.658153352216","457.225864231118","2930.47473397438"
"JUL2014","684.865267849794","122.78132850238","155.95172131966","963.598317671834","292.31715956184","73.081853288211","910.563381772088","1952.20452174761","820.086569111087","1007.66774362119","1457.09988724411","706.23800223","463.75062276","3147.10437338027"
"AGO2014","670.006101034819","96.4753728814723","141.82954938014","908.311023296431","283.61868378614","81.479368905556","924.164822932942","1903.26951227553","936.189104915528","1128.04052926616","1350.94335864118","530.866684542881","348.218259448632","2750.32917653371"
"SEP2014","621.503907410487","95.7370824556583","55.5025652355842","772.743555101729","341.33687431335","89.636336155204","956.263740382969","1797.72292303096","683.721637832248","911.275245952384","1600.16716838706","411.642598593857","396.08281704","2888.34500093685"
"OCT2014","653.228352925459","117.449174578649","125.57132407986","896.248851583968","380.0919067328","86.258413214117","1061.16893639338","2061.93947687209","826.326149825844","1123.9933896059","1595.97984361056","498.248077685784","312.578603331108","2779.19092564117"
"NOV2014","545.23427168063","116.03294868","59.1058901112931","720.373110471923","305.16035771312","73.567922032558","968.572838141152","1760.97545954132","706.186279397395","919.595286457546","1471.86389800737","629.459723987334","309.213453982216","2820.49267728484"
"DIC2014","873.309550013719","106.38644791","96.4498309388","1076.14582886252","307.11751134551","71.766039348821","919.314991260104","2082.66073256196","697.590828148864","872.421997079163","1808.90002661397","704.94188832501","409.477976021259","3647.97531073395"
"ENE2015","922.66419284","104.28861056","108.60268138","1135.5554848","296.59320004","60.9663846","791.05158644","1986.8382131","651.59284016","745.75901243","1584.566623","620.53020701","381.70971516","3077.1108824"
"FEB2015","787.69180076","107.57219953","124.01579184","1019.2797921","228.45514111","53.372281163","685.74527614","1764.9007124","603.96959458","731.39693999","1261.2572168","449.33923396","415.7021369","2551.2272998"
"MAR2015","968.05430312","125.19969392","66.15352611","1159.4075231","281.1158331","70.947397832","845.55845344","2078.7188175","739.50669373","850.58463275","1548.8521504","565.75962406","465.14366714","3000.5562049"
"ABR2015","802.83956697","131.90594949","143.9692685","1078.714785","332.32166253","66.894338845","868.76967269","2032.5245491","891.12035878","1012.0471687","1418.1975277","471.29125689","373.34497698","2659.4272487"
"MAY2015","556.58766762","108.93399465","37.5080624","703.02972467","226.93559354","53.530944144","647.36199695","1441.8612539","770.05980652","938.99011139","1139.3362607","395.97295903","324.16542496","2436.9206747"
"JUN2015","685.68697123","115.16390817","200.96357531","1001.8144547","208.89181493","68.02411578","641.86528733","1719.5735897","654.69697919","797.76367325","1418.1297885","474.65212333","293.40728734","2706.5071451"
"JUL2015","671.45199136","102.72613269","68.16820427","842.34632832","279.68018297","62.814381421","835.50746724","1756.7562362","754.68682433","937.50053894","1138.8368985","351.94061985","296.30068005","2141.4478988"
"AGO2015","564.4157421","112.30980898","183.39817569","860.12372677","271.82223648","79.106185865","751.36219114","1674.919389","585.57396306","718.66462386","1236.1745616","339.69517179","265.95999591","2193.7903184"
"SEP2015","559.82701676","116.58101239","57.61612731","734.02415646","186.45909574","74.602655597","685.60917498","1499.7970566","613.65110005","726.51941489","1295.1458702","338.74670488","279.37558435","2318.2119719"
"OCT2015","526.52827444","106.74194714","67.50177503","700.77199661","301.04134757","75.062581277","831.82564217","1615.8586396","638.94018993","806.81852516","1293.8011535","301.11030253","245.35051055","2207.4793892"
"NOV2015","498.96961356","107.87546925","113.82317565","720.66825846","217.30386085","70.892149001","744.93476517","1534.3768166","568.94007761","734.6370384","1413.9157907","411.41697127","319.57140181","2471.7997822"
"DIC2015","570.0047427","103.44049266","63.24322899","736.68846435","216.90874138","65.632934055","716.2127176","1533.8575005","531.66912067","673.52483365","1471.0459055","558.28673809","335.22740978","2800.6084616"
"ENE2016","783.48688637","101.87077168","63.923068","949.28072605","176.74389075","46.309033324","562.22684587","1567.3855622","656.96575616","756.74496433","1518.8118505","485.38971907","354.823488","2657.7089262"
"FEB2016","774.56271171","100.98276842","130.869963","1006.4154431","249.54820703","51.857947833","646.17663615","1717.087917","509.574596","606.29133344","1410.6151622","411.54263876","319.29425148","2418.484442"
"MAR2016","771.27770162","117.09185317","81.117561","969.48711579","242.6733983","56.009070779","720.67618996","1769.7699998","704.71157851","787.39032527","1404.3723131","411.72289397","363.6454472","2531.5743337"
"ABR2016","749.91712612","115.84775808","93.766569","959.5314532","245.33935154","52.783635807","679.40713185","1716.1576888","664.09919576","804.4017667","1373.7185173","415.90580039","313.441549","2487.9400981"
"MAY2016","646.53263279","114.12247406","62.321561","822.97666784","248.10144137","48.995126401","708.0134348","1617.4950429","699.75631619","822.15069997","1366.6890251","379.50518463","444.985611","2572.171977"
"JUN2016","700.5226643","81.825051528","83.785267","866.13298283","205.8527221","58.765740132","664.81979099","1611.5944162","640.18597645","772.94344285","1135.9601479","403.96565561","322.02797","2189.5881348"
"JUL2016","583.47275335","113.84620352","67.801974","765.12093087","233.47484593","52.346755452","679.32618573","1512.0420596","614.94772073","705.15271925","1262.386724","340.38821626","378.1259137","2270.7734082"
"AGO2016","698.92988338","97.149980544","60.943467","857.02333092","270.78049449","119.38579928","811.13553867","1749.6442471","678.84409227","790.34365306","1203.9902585","432.10351552","370.44621004","2329.8849378"
"SEP2016","631.59031712","96.668795638","97.129768","825.38888076","280.34118851","53.560931407","746.23838359","1647.791337","675.92193063","770.61380363","1501.166874","334.52828689","305.39084001","2445.4623548"
"OCT2016","597.68447235","79.867586786","59.494056","737.04611514","260.73766294","49.250963407","711.96129072","1513.5790474","593.87926867","746.01665471","1412.6282106","402.27222464","292.28999102","2458.6030213"
"NOV2016","601.1180531","100.17540729","94.909394","796.20285439","269.36754151","67.088096287","757.01630813","1638.1753561","555.115317","709.37526614","1643.43429","575.0292156","340.337835","2827.2143453"
"DIC2016","864.02686838","87.617895282","75.659516","1027.3042797","273.58382642","83.156616814","787.47789994","1895.0268487","654.98655587","843.05899268","2114.7059138","590.59182993","398.04694473","3472.7880544"
"ENE2017","846.2325216","115.17885045","141.702996","1103.1143681","205.5407069","73.400423702","646.23534062","1828.7677145","626.52361515","724.24625722","1574.7258654","610.79067083","307.951706","2933.0021642"
"FEB2017","837.39510472","88.850751397","113.661773","1039.9076291","225.194287","67.299927174","634.2367796","1747.9209432","600.30209233","689.4295183","1063.4612407","397.85502836","277.240744","2128.9785007"
"MAR2017","952.67752226","98.495062","133.436602","1184.6091863","351.93117345","81.531958029","900.27955288","2176.9975428","742.60846509","862.95341571","1193.8646059","521.7488046","337.234186","2382.8278168"
"ABR2017","804.76727587","87.400440108","134.672195","1026.839911","219.99848594","59.916563895","633.17648806","1746.4881058","604.36851785","744.59107497","1276.4333268","476.06717652","320.264788","2500.7539078"
"MAY2017","879.20735747","107.44858243","125.51132845","1112.1672684","329.67311112","70.443677336","824.82765806","2026.0977464","871.12476331","1052.2978048","1264.00151","505.75058409","340.736543","2629.6907952"
"JUN2017","785.34707436","94.555041153","91.500199","971.40231451","249.56951181","69.822692069","697.1228955","1748.4241511","613.73547921","761.22661794","1470.2287519","574.77586669","377.65986","2925.9435733"
"JUL2017","794.89184883","79.323427597","147.380342","1021.5956184","303.15095971","113.85291466","889.35673276","2000.9366313","692.18768773","828.30476885","1485.499078","443.17254096","273.091705","2567.2179142"
"AGO2017","932.46152865","111.23664142","98.478921461","1142.1770915","302.76174124","111.86514337","849.4215449","2069.5797523","778.58611078","936.73524708","1652.6162658","594.6978588","448.205377","3143.4102888"
"SEP2017","787.07247814","92.429701654","95.468409","974.97058879","334.05639799","95.32543344","842.21871883","1895.3439613","782.64822447","868.96614726","1872.8941214","408.22406955","346.321514","3042.0079231"
"OCT2017","732.0399901","98.641936962","117.347338","948.02926506","293.53783757","80.733374648","826.91265332","1866.2792319","773.02409838","945.10929872","2030.7960164","473.88984778","341.493505","3172.6872463"
"NOV2017","691.37933221","103.85004432","107.743865","902.97324154","292.74571833","78.659107683","815.67704706","1811.4672606","724.99069094","906.78055034","1767.8348271","587.31140689","477.388855","3341.4512349"
"DIC2017","945.40726935","91.661518736","109.61612","1146.6849081","311.49065299","65.909913086","836.82731178","2048.950979","845.37009586","1013.2131678","2212.0409238","757.73052103","396.989542","3887.7295132"
"ENE2018","1076.2700805","104.62712699","48.861392","1229.7585995","257.78348041","66.406641057","708.25767953","2024.8262672","684.95330783","855.41767783","2154.7886027","583.00706945","383.64695332","3630.5198371"
"FEB2018","1110.2319827","99.719809686","200.606531","1410.5583234","212.84084864","53.940755982","633.80416535","2114.4216389","841.78510931","953.30294931","1854.8382441","631.19849057","367.68761976","3138.5955999"
"MAR2018","1033.7762903","114.70798059","62.469357621","1210.9536285","306.66364183","61.717791759","794.17986051","2085.4999622","703.91094879","892.18471079","1869.1141042","664.90748788","433.534688","3412.9868043"
"ABR2018","930.47751436","116.76181339","55.377095","1102.6164227","268.4620543","71.669002361","764.66204092","1950.4240764","782.42351811","935.12379011","2095.8841883","473.18511743","425.32633707","3295.0086732"
"MAY2018","786.98103014","115.81101375","96.920316","999.71235989","336.20121931","70.826847712","836.41169666","1924.8312572","920.13833604","1113.540754","2064.4787117","508.12119488","343.62117973","3349.2990854"
"JUN2018","844.68947634","110.50694597","60.358586","1015.5550083","305.22739755","62.439304823","782.85950975","1891.3419308","772.97659227","943.73105827","2060.5783336","553.38152256","363.41343458","3271.896203"
"JUL2018","810.14682651","122.91939795","144.33711","1077.4033345","289.38145893","50.145709931","746.60741291","1921.0005478","728.75521049","872.65041249","1878.2918921","504.25234967","356.53363013","3094.7766124"
"AGO2018","850.79733106","129.62852149","79.349421","1059.7752735","277.18972157","108.73813232","832.41970511","2001.6116583","756.04327647","923.23444847","1942.3336072","558.99087088","271.90625199","3160.7699996"
"SEP2018","701.41740781","90.154934591","104.535942","896.1082844","239.52733214","89.305071242","651.12325092","1628.4916311","555.76701088","716.65265688","1911.4049925","558.75003526","268.82598664","3013.0864702"
"OCT2018","807.34996654","119.50827274","75.453125","1002.3113643","290.29674457","62.847582913","827.75977064","1914.952591","627.51634108","820.53163379","2339.125982","563.59327576","328.43107825","3641.2110895"
"NOV2018","650.6241077","89.976662454","62.794303","803.39507316","272.26576619","47.339232232","744.54208725","1631.5326203","570.81044907","748.31167507","2142.4856955","573.91528157","324.03226961","3429.2239069"
"DIC2018","751.79412232","76.536897165","41.803018","870.13403748","271.60230017","48.397289869","667.3598001","1608.5677476","626.8098494","797.9587144","2565.5162688","682.98508574","420.55388205","3992.064202"
"ENE2019","826.70365581","124.67037531","117.29580926","1068.6698404","281.47681758","48.903220153","701.57682963","1841.1761944","793.32634435","915.6611554","2356.7471781","718.72377919","404.07046924","3870.1310659"
"FEB2019","829.19429089","117.78384233","48.732821779","995.710955","218.02443253","43.785078839","601.29480664","1657.094654","593.45286906","720.84477849","1775.6299329","449.0766327","388.18541057","2953.0657032"
"MAR2019","1022.3334955","115.11817148","110.44091894","1247.8925859","271.18481373","58.528226125","746.97008579","2065.7636683","611.80639102","727.78335169","1488.8525704","772.94054306","450.24244804","3169.9459806"
"ABR2019","906.48920317","109.93701531","60.109564567","1076.535783","292.52824603","48.15144244","708.87424641","1866.3551348","661.23840201","786.44623088","1597.0640516","477.47298152","451.62383667","2954.1925337"
"MAY2019","821.82269122","106.66015767","135.00285869","1063.4857076","226.38854017","67.569082047","716.38571273","1854.3144733","825.55162216","980.55873885","1819.4021947","396.26422513","522.29503356","3196.0837514"
"JUN2019","836.9845488","130.92660767","43.353576902","1011.2647334","252.62101969","43.136776174","695.94935631","1774.0450331","519.53298594","652.85374967","1429.872726","444.26382366","371.79634181","2673.1227009"
"JUL2019","715.31467151","102.90925067","107.83083781","926.05475999","277.32355867","52.324626859","746.32406155","1765.3385775","597.18909321","793.07773491","1627.8955607","529.88177445","361.74356085","2919.1809196"
"AGO2019","829.96953295","102.23178945","40.659449024","972.86077142","298.12490908","56.3824388","763.71903499","1811.235826","585.56215835","749.07297936","1980.0807811","464.28389015","438.71611369","3262.5494246"
"SEP2019","792.10180456","115.07770752","98.694757639","1005.8742697","237.46063152","42.382337793","623.20633008","1699.3178357","581.49884018","698.2480009","1797.0950073","337.17996137","277.31763787","2712.434228"
"OCT2019","613.33129945","107.9540175","37.984816642","759.27013359","257.22531518","41.954682171","672.17761617","1503.66036","476.90876195","720.23596795","1812.2127567","528.31255748","216.64610794","2846.0584747"
"NOV2019","672.30104136","84.916038004","89.392735417","846.60981478","224.19192281","47.393783638","607.57256626","1545.9099944","479.61870375","725.85032045","1883.5947349","416.52195882","284.40207204","2859.7519896"
"DIC2019","718.1673088","106.37766015","112.82556267","937.37053161","274.97075352","48.983512162","667.93266755","1671.9227081","468.16699834","674.13373829","2578.0980039","690.59614195","327.167378","3971.4720253"
"ENE2020","772.16984883","93.710237075","104.33522537","970.21531128","313.07598543","47.111635459","733.98527546","1775.8993536","596.31125072","752.367891","2610.7574907","609.25460143","412.23978513","3887.6967758"
"FEB2020","856.43238495","95.912101004","87.534090276","1039.8785762","228.70926558","42.358831649","563.91777367","1673.1455852","462.08598933","656.34060313","1344.8514738","504.45670042","394.07787738","2573.5417466"
"MAR2020","947.33835208","116.26769437","135.80534557","1199.411392","236.37957227","44.482270096","678.07450577","1942.4087283","509.92315565","719.31893892","1791.6938532","521.96564005","400.5932982","2970.8151639"
"ABR2020","963.23141313","91.732443593","53.274925413","1108.2387821","161.18172641","28.734151832","401.15895194","1574.8892711","716.16631904","918.55201987","2074.6395205","546.86403185","319.87813231","3248.0929456"
"MAY2020","778.77712758","70.36255668","110.31994788","959.45963213","175.57640216","36.295486472","469.52012339","1490.944056","761.52170461","954.66554607","2201.6219194","459.77221851","303.61910947","3280.5290791"
"JUN2020","802.89131339","91.43539734","39.730667125","934.05737785","166.73481969","46.920753392","461.84045222","1455.8583079","690.45997395","919.34109473","2303.3797415","551.6361474","294.71878488","3560.7452698"
"JUL2020","786.6702124","70.82192218","108.84692775","966.33906233","245.90169656","51.746823233","594.34909015","1626.093127","528.2621179","754.76826278","2454.869049","564.41760085","294.90995504","3691.5965549"
"AGO2020","709.90008508","81.050462862","33.900175951","824.8507239","239.0694597","65.116409934","603.88285995","1497.0995907","446.99999841","705.26310949","2236.8970602","521.32130496","287.02512626","3451.1222527"
"SEP2020","707.12460603","70.028051956","54.86790932","832.02056731","319.48195538","57.297374017","733.00473373","1622.5993153","638.21428524","834.84294928","2424.8986088","435.64261326","258.31759617","3382.8306599"
"OCT2020","816.8802402","91.250253537","100.40291669","1008.5334104","381.28237908","64.114226882","846.35514328","1913.2331364","509.70742967","752.75399277","2661.9698574","569.21352128","343.15506848","3824.4524444"
"NOV2020","739.65699281","86.89169306","32.577902839","859.12658871","319.97392524","65.618534166","781.84766516","1700.7930969","544.31440731","795.22637391","2858.1035383","643.67888393","402.16503664","4325.1113577"
"DIC2020","906.5286212","86.940144093","117.25892177","1110.7276871","294.17935548","67.442749053","702.58026492","1884.0340082","618.31592843","770.81721114","3665.7164903","694.97073848","474.22496294","5163.509062"
"ENE2021","970.363428066769","100.560646792507","43.2757187927271","1114.199793652","332.158766691178","53.3516752603884","699.616078113412","1871.27450012326","584.511625903249","782.312491479194","3194.36803055355","581.0134810803","261.005560015195","4390.94750720254"
"FEB2021","1316.49686705459","102.552556406356","194.689502841036","1613.73892630198","388.792487633723","46.4059323395886","735.920332882018","2412.64537813683","496.572469351684","720.968921588497","2713.21322936088","641.755202171898","308.749992546852","4075.41906851138"
"MAR2021","1172.40433819207","105.779583543254","44.399379016448","1322.58330075177","406.831328100449","58.5190076431528","819.440255221369","2239.09993592582","628.91247429351","841.254145254801","3108.68636392589","380.163782174904","518.203741326369","4549.30743083386"
"ABR2021","1257.98357059957","123.969355256326","196.30400856","1578.2569344159","356.869661529135","51.7283002524989","769.58637590934","2454.86899671351","985.414676121245","1230.46585493209","2764.6216857031","729.298145582864","491.815463735401","4497.92640288317"
"MAY2021","1068.97668694575","104.962873548841","139.3396351","1313.27919559459","359.776073601346","55.5273451179743","761.584983103174","2176.90890033934","799.864953380933","995.47673884849","3018.43810514491","591.410299026793","392.691367731654","4491.77142382096"
"JUN2021","1225.89737262714","152.077913343097","36.50318159","1414.47846756024","314.851411025351","55.6508875054239","694.458431745973","2184.16225060532","920.590760545738","1151.42630025864","2623.8682002854","583.480022803089","339.578624369998","4096.40483517677"
"JUL2021","1245.50974780283","109.222303929896","138.27783782","1493.00988955273","359.507877747102","73.0154598723909","778.164806071663","2354.27006124901","575.776586071627","761.81959337786","2898.63981556406","830.281000174563","448.208850477306","4588.18705153957"
"AGO2021","1413.23350551634","144.126462378782","134.0595657","1691.41953359512","439.082786202661","81.1886228894225","964.290188947868","2732.96282570233","747.23510838104","975.618329202582","2712.05669686894","525.264535231572","233.859913489344","3938.82290157634"
"SEP2021","1400.56451670757","115.994626708144","46.78744487","1563.34658828571","380.523395410685","66.7112416272618","826.030152380831","2476.65094741304","591.786574899548","789.208419273048","2778.1459170881","370.561798511375","387.16488037","4084.18524866302"
"OCT2021","1101.4555991295","87.9883876017031","39.965201045958","1229.40918777716","421.716852755828","76.1193621794241","875.706748523983","2194.51668204232","772.504547195832","1048.44350216039","3104.61469156229","619.546369168932","376.48434024826","4438.29976305748"
"NOV2021","1348.57035582726","116.405780918177","38.04742338","1503.02356012544","340.558056292145","74.4385142645724","845.224031404952","2462.91948257592","705.603234624079","922.24807693752","3415.62422753974","626.007840160039","615.99543973","5121.32608815717"
"DIC2021","1480.24924453795","149.842658391695","131.65597459","1761.74787751964","436.194719344913","86.8585402127629","961.34281804142","2801.48335705467","759.170316710359","1001.23940921352","3946.22868267342","707.426158009756","487.474994126348","5554.33237727776"
"ENE2022","962.46281197","99.25075063","146.18520345","1207.8987661","375.52375181","68.82489083","804.73410725","2082.5442387","578.65119501","731.39593867","3610.1855801","767.29801843","593.76699442","5582.9355118"
"FEB2022","1031.7677709","127.47229661","143.51720709","1302.7572746","276.45262094","56.047499987","689.35019246","2060.527878","655.60306405","857.23763768","2818.8097949","461.84233855","564.44229943","4172.5033747"
"MAR2022","1440.5352939","202.43104303","136.42268929","1779.3890262","388.01190721","90.974484624","917.73409359","2873.3291336","549.93030946","701.813905","2965.0089095","689.72859259","624.83373324","4873.6708613"
"ABR2022","1314.9773729","127.7659337","126.12357151","1568.8668781","393.69068165","84.411011028","873.69711037","2523.1211782","564.385489","703.96367761","3028.7878019","568.43156547","451.58774987","4456.4585927"
"MAY2022","1343.5546483","178.26112069","51.487347228","1573.3031163","398.97401982","85.481181463","977.09282752","2719.7732092","702.42152831","872.71876876","3606.8287067","478.51635881","422.78578458","4948.0753355"
"JUN2022","1226.1414149","163.76485109","129.54550587","1519.4517719","378.25491276","76.521465387","920.04746173","2557.1475113","710.02401315","877.53954294","3277.8185498","450.59724895","506.5889711","4626.9195505"
"JUL2022","979.44302373","138.67083588","126.57931177","1244.6931714","420.50167005","68.134492212","996.89914309","2365.4031103","690.09286962","927.02990338","2986.5066992","437.05739271","582.56634583","4546.7855516"
"AGO2022","1183.4690179","210.40277646","131.35388358","1525.225678","400.11229289","85.877380996","990.70981719","2630.4078961","647.64998902","864.04238156","2823.9938359","634.20472748","600.64218335","4435.8852508"
"SEP2022","1013.9787973","129.2087786","138.20488805","1281.392464","385.45757798","74.761661087","947.17316609","2367.2430511","588.63514534","780.05561068","2936.2149367","772.03253885","446.95053961","4660.8521093"
"OCT2022","948.04613841","127.36408227","32.99742981","1108.4076505","364.80469393","81.15635351","879.66373283","2098.1567767","645.3218916","993.19931916","3403.8064498","741.72211538","462.89869063","5019.9395947"
"NOV2022","1038.3045185","146.51942198","58.28813794","1243.1120784","373.93426846","65.015439599","862.27210536","2185.0629203","743.41111345","926.9750023","3303.7430303","724.20484801","489.51054218","4866.2547824"
"DIC2022","1143.2910539","115.95895065","149.02466516","1408.2746697","328.33942394","71.152190054","857.50652568","2350.18135","841.32948479","1054.955496","4071.3563706","761.34633653","629.58078264","5823.3080755"
"ENE2023","1226.486876","144.40596786","66.69211218","1437.584956","292.29431745","58.474391112","753.81737035","2284.2281394","471.09180965","633.97008617","4256.184512","521.75385675","491.13359041","5848.0489655"
"FEB2023","1480.3714932","155.7750132","166.77868619","1802.9251926","355.54339437","72.272051561","810.04758188","2708.7727573","648.12453176","782.74905816","2702.6748672","746.46830369","445.84960381","4171.7820579"
"MAR2023","1758.4888591","199.86618173","84.645240145","2043.000281","371.88026076","107.13004138","945.89897672","3083.0158844","703.71775772","854.91472159","3267.4859854","505.66040102","831.49735867","5111.7668471"
"ABR2023","1182.8652296","123.98161359","133.90566641","1440.7525096","337.21795904","78.53292083","850.3536686","2401.873997","542.25688778","645.70953551","2488.7942119","668.04615479","519.32003462","4132.6328354"
"MAY2023","1267.7589952","134.96801713","207.77842658","1610.5054389","314.82257717","99.203933258","815.15196771","2540.8988054","839.06331221","1090.7231751","2591.7561703","529.55686445","567.76101591","4021.690856"
"JUN2023","1201.2923519","117.66734988","149.196106","1468.1558078","301.7641514","60.461719598","808.36880197","2386.587986","610.80350334","772.48184728","2666.4199873","568.99223837","500.35467282","4233.2131188"
"JUL2023","1031.7168922","119.13579755","88.4703955","1239.3230853","374.68301064","70.952379391","870.14470705","2240.9049619","682.00001589","851.52663173","2529.2295666","463.0946066","393.23196346","3719.9000425"
"AGO2023","1165.417086","163.28690636","155.25870003","1483.9626923","393.75006627","81.576459359","897.57678724","2479.3437357","783.60403495","947.6059117","2537.8041451","535.3557378","506.31546401","4026.0425786"
"SEP2023","1022.7928547","118.18397335","93.96811147","1234.9449395","331.66379185","58.173787523","776.50565027","2095.1179312","576.46919422","727.50370283","3066.4029903","400.01973297","302.51980413","4102.0404797"
"OCT2023","1086.1289402","141.52252364","79.695549095","1307.347013","419.0350043","83.003835713","936.29331558","2342.1870151","694.27308051","865.9067562","2959.886276","515.75451664","377.26129767","4206.0017893"
"NOV2023","999.96982224","120.50194011","57.300034348","1177.7717967","379.99567257","59.713474321","884.87485015","2165.7323641","686.92650528","834.9010297","3010.6811307","683.99725467","337.16572771","4549.871527"
"DIC2023","1024.6414347","155.30261073","36.38545812","1216.3295035","369.07126106","53.187110295","836.9992412","2122.0065795","493.27683692","630.18203264","3512.0092176","698.45259127","424.80215894","5159.9522222"
"ENE2024","1055.1676671","138.46493745","135.94081771","1329.5734222","362.75262512","52.564240033","766.46399739","2204.3853145","686.73878396","842.17072662","4303.1867186","828.31467339","605.80986599","6277.3979467"
"FEB2024","1149.716194","145.23329172","76.53523122","1371.484717","349.35360308","53.123842108","749.56285463","2204.0600257","604.45664239","742.26904688","3390.7266905","653.46279539","334.19238311","4856.6063288"
"MAR2024","1170.5478984","126.71955811","106.93989133","1404.2073478","378.89096325","58.664069638","815.80026295","2330.7579365","867.94221162","1041.1879282","3049.9902562","777.03927807","392.18256593","4738.0724699"
"ABR2024","1360.23638","129.93813631","202.36694296","1692.5414593","515.94993853","56.736971099","1041.5412826","2862.124836","822.43565344","976.60609261","2966.0657614","652.21221835","461.6459815","4528.6085486"
"MAY2024","1304.4272172","131.01718049","58.968216241","1494.4126139","496.76912854","66.670062528","960.18009275","2551.4021967","766.17085884","947.67964117","3103.0327311","427.86520589","386.563578","4395.3345161"
"JUN2024","1519.959532","131.31508976","76.40090568","1727.6755274","408.71843326","54.833516327","846.42566259","2657.1587322","664.4591846","828.17665476","2343.4656023","603.38013392","356.13563003","3839.611267"
"JUL2024","1461.5853354","158.04408388","74.44514258","1694.0745619","433.82109966","76.28043653","946.83760116","2762.7284608","941.34356367","1099.827519","2542.1769389","691.10969766","424.84164931","4094.7618432"
"AGO2024","1556.3566976","163.3196773","47.806626138","1767.483001","417.79706925","62.766800261","885.53082652","2759.1827999","843.14714079","1009.6166","2383.6053517","709.13728002","390.73067302","3994.5559235"
"SEP2024","1217.0267715","118.88870619","166.6040185","1502.5194961","460.73091894","68.655521187","894.77800732","2483.5788832","670.15132133","811.1307539","2920.7849652","696.26610185","296.64259884","4433.5894743"
"OCT2024","1217.4131899","150.58661867","189.02818061","1557.0279892","411.64279581","94.767363405","922.96397821","2582.127141","747.20819409","976.91056589","2978.1365328","940.92727393","273.97995777","4675.7349985"
"NOV2024","1279.9954474","150.31040312","52.681866379","1482.9877169","375.85141774","120.67434519","897.2338415","2482.6992796","570.40910864","765.04915268","3308.1141864","479.44551348","312.63545132","4599.9805942"
"DIC2024","1385.3161931","182.96670095","56.20324727","1624.4861413","400.71609794","82.805185901","894.63083533","2615.6526614","685.17827263","874.00148311","4038.2082719","900.8359309","317.65973843","5817.4223846"
"ENE2025","1258.300056","141.83760003","167.40601378","1567.5436698","416.81282584","86.063489785","884.50418438","2559.0079361","634.8858111","880.67848078","4506.8372961","847.9056509","417.84198393","6263.7703273"
"FEB2025","1476.7435483","122.07701785","74.72966678","1673.550233","348.35157136","83.642889986","787.09567667","2557.8103611","812.09041343","1061.2921961","2785.8728581","707.79212646","406.4930048","4125.1082395"
"MAR2025","1755.3152793","157.33998855","76.077884773","1988.7331526","411.60870483","81.990697145","903.72750774","3003.4157379","771.92206882","987.61107233","2830.9602941","811.36641197","361.11099582","4612.0789939"
"ABR2025","1754.8132355","168.7000056","84.47839291","2007.991634","449.89346776","95.632386039","986.05684826","3127.3247176","871.24763436","1188.3691755","3047.1641647","823.70994317","439.76189147","4639.2996533"
"MAY2025","1582.9901958","196.37929502","108.64973324","1888.0192241","413.92587542","81.828611444","895.44523322","2898.6525769","1000.7918938","1243.846439","2730.0023433","692.72587252","379.41945538","4456.2334878"
"JUN2025","1501.2502292","132.99896054","59.26189164","1693.5110814","364.59959185","92.160788452","834.62168162","2645.7407335","865.55001653","1089.431747","3120.413504","606.35786825","490.61133626","4768.1457277"
"JUL2025","1372.3693108","127.95691281","74.521574645","1574.8477982","423.53306719","99.324065258","962.34139915","2652.8895341","873.86685124","1150.0443873","2687.1437553","916.47047464","465.52658627","4643.4249451"
"AGO2025","1008.8355126","146.47697335","72.57023809","1227.8827241","426.78388744","71.225254828","898.18669944","2224.1658947","921.45851395","1125.0890312","3480.8484082","590.33491498","403.17757265","5055.0804202"
"SEP2025","1447.9516778","174.36028347","225.88676965","1848.1987309","340.88740724","100.58818996","884.66969976","2826.3299902","1063.181643","1280.770271","3343.389221","519.31115945","443.49241965","5065.9159645"
"OCT2025","1375.349731","158.71602698","103.72507455","1637.7908325","457.38778745","96.110685916","1024.5502337","2774.089126","875.79901843","1232.3403949","4027.2072013","775.13078677","546.97384079","6062.1370481"
"NOV2025","1307.1799874","200.73891336","83.422907422","1591.3418081","375.59604557","84.108586113","906.05689292","2587.4280258","1023.1548602","1233.1064283","3146.1032484","648.45622947","328.14440242","5000.0409307"
"DIC2025","1900.2716164","135.10756586","86.80035716","2122.1795394","469.7671996","93.645303194","992.44554342","3200.2106575","1016.2489805","1418.9328147","4940.9700644","995.9917201","504.82425877","7426.7976029"
"ENE2026","1611.6085622","162.63062088","101.97702683","1876.2162099","392.81870098","90.078319239","893.26164737","2911.7856878","1018.3063421","1244.8065847","4298.3214062","992.50083067","582.84032966","6638.5454878"
"FEB2026","1414.283347","160.16505262","78.463637267","1652.9120368","347.79381029","83.294732441","821.57282188","2552.5062867","745.70192472","949.3244725","3188.6967306","654.7127386","568.0709962","5128.6235008"
"MAR2026","1919.8641893","150.29221175","278.71081837","2348.8672194","474.18742647","100.48641318","1113.2641453","3575.8072226","937.50991091","1268.1151147","3351.1144994","837.11519988","469.57124415","5550.8928175"
"ABR2026","1609.5766654","124.05406","94.758195945","1828.3889213","417.82733567","93.754758156","1025.4305252","2968.7595954","986.62617642","1610.672105","2972.2244864","952.59467869","558.78846363","5019.830454"
"MAY2026","1636.8073153","214.78054696","237.35925917","2088.9471215","385.76530483","93.940718223","936.50544287","3132.7496171","1004.1306614","1431.2182054","2980.7429673","722.31491272","671.9204697","4866.2925369"
"JUN2026","1861.519842","135.42496762","240.75618794","2237.7009976","444.37265384","91.264205765","1047.6891397","3417.1519765","1115.8253475","1528.8452854","3697.3510001","861.54818411","419.40093549","5711.1069111"
