"SERIES","Importaciones por países. BH51201","Importaciones por países. BH51202","Importaciones por países. BH51203","Importaciones por países. BH51204","Importaciones por países. BH51205","Importaciones por países. BH51206","Importaciones por países. BH51207","Importaciones por países. BH51208","Importaciones por países. BH51209","Importaciones por países. BH51210","Importaciones por países. BH51211","Importaciones por países. BH51212","Importaciones por países. BH51213","Importaciones por países. BH51214"
"DESCRIPCIÓN","América. América del Norte. Estados Unidos","América. América del Norte. México","América. América del Norte. Canadá","América. América del Norte. Total","América. América del Sur. Brasil","América. América del Sur. Argentina","América. América del Sur. Total","Total Importaciones America","Europa. Unión Europea","Europa. Total","Asia. China","Asia. Japón","Asia. Corea del Sur","Asia. Total"
"UNIDAD","Millones de dólares CIF","Millones de dólares CIF","Millones de dólares CIF","Millones de dólares CIF","Millones de dólares CIF","Millones de dólares CIF","Millones de dólares CIF","Millones de dólares CIF","Millones de dólares CIF","Millones de dólares CIF","Millones de dólares CIF","Millones de dólares CIF","Millones de dólares CIF","Millones de dólares CIF"
"ENE2003","252.360776707508","36.9845826153168","32.7153218248182","322.060681147643","183.433208853771","377.0392134577","649.230260595658","979.58455168718","255.985240510485","292.438832695005","152.459160168093","66.0949992270366","58.841809326394","355.497403089697"
"FEB2003","191.000260343012","38.2732880342959","20.1052326631235","249.378781040432","162.337167255605","283.267301165662","536.571846283081","790.102910107514","226.450456224575","249.758094061189","136.599955770114","51.2899776478411","33.4984224510894","275.071034213387"
"MAR2003","207.861548778543","35.7339241243118","31.7368422612131","275.332315164067","128.082110889866","283.025685129461","482.700507001839","766.029810700972","297.143300564972","316.945625615459","114.556562361385","39.054420668884","35.1563763645941","242.464392766906"
"ABR2003","233.425083971367","42.4368145997704","24.083034405301","299.944932976438","160.162211860723","314.592873813769","559.957120003899","864.047462014035","357.291128415943","383.951677354345","123.565438342966","62.8817415463303","53.6801449185569","307.002693035645"
"MAY2003","265.602056396773","41.0239311311015","30.7093699413663","337.33535746924","139.793149496956","308.893627466934","538.841096122699","884.645240901016","294.853316624083","328.858960494949","154.07463803381","74.0791805701086","36.6776799987076","338.847682301449"
"JUN2003","214.067299636436","47.983112160812","28.73006489995","290.780476697198","158.869479683105","264.562484665186","514.293786477285","811.665333787597","289.212587532671","312.805960713981","116.711530339561","42.5394959111659","43.5333374448618","266.648746373679"
"JUL2003","235.763164243506","51.1700403374341","30.1905478308535","317.123752411793","153.127910263417","369.054134341231","605.40694296945","929.420204296554","261.402564819875","289.019471819719","160.283158390562","57.6738988149901","55.6295511988434","353.413128736496"
"AGO2003","259.122800310757","40.1113877451796","26.4393406937413","325.673528749678","168.765256737145","308.000418615147","569.34786732528","904.815946584866","273.549441485793","291.610004275274","150.838982912652","78.5406340273619","54.3434557950152","376.432922140485"
"SEP2003","240.015816797557","43.4409421360282","23.1290775292068","306.585836462793","169.822656967653","299.551782614731","552.406565519024","866.612324697747","248.843062987703","265.408116249956","174.317009595097","59.5383617396795","32.441183875879","351.135072538383"
"OCT2003","252.547512571785","58.0738655451586","30.1409834029078","340.762361519852","198.74079273586","371.432209058737","672.053491519501","1021.28427496753","243.108475444571","266.217089541728","196.859215743194","66.447226853647","51.7448291323391","402.068463112875"
"NOV2003","227.81725875681","43.9701233869173","34.121198677764","305.908580821491","201.075709655009","301.991321545934","596.704900406597","910.490528861627","236.775536334243","254.024814999608","171.371721291369","68.0919393321877","66.9386976512738","382.300356606228"
"DIC2003","184.91988467669","51.5741906968558","27.6683464259241","264.16242179947","215.886326571785","301.549979518316","598.218932126372","870.432645612317","302.508528036984","320.520301794782","159.479428435702","81.3454559842612","51.9113970728204","362.295725195528"
"ENE2004","241.488675132682","42.5441158555728","30.7093235692026","314.742114557457","263.732689159498","333.278825718897","705.080134654152","1032.54720717951","276.28352700572","294.287084825276","168.454804772032","73.0506673266456","53.4003003938733","365.735206144929"
"FEB2004","225.04027909558","45.369863061615","31.4530010870876","301.863143244282","139.708065088481","293.134358303268","524.744022013188","831.694681459349","226.390042695831","248.185292086479","171.62191662231","46.7665725685693","50.3334502979885","331.599904841294"
"MAR2004","276.079805027872","52.6452884343703","43.3453146873873","372.07040814963","232.691299062187","373.71832517733","711.100759846043","1091.11831817934","316.211161264909","349.127657164739","126.111230871721","104.479064648651","62.0798183798569","373.303594030076"
"ABR2004","266.685047978712","80.2934350944109","28.3992571163246","375.377740189448","207.219336255466","329.08539030256","675.457267868167","1060.58635923735","307.881671532498","322.849830794562","162.248369481468","65.2202414384484","69.2582502288099","372.079041831852"
"MAY2004","297.592908253082","56.2395930976309","29.5550413040967","383.38754265481","208.649514778","358.949912511907","699.075858366834","1111.66167789602","296.344513973997","313.031407201732","172.161453756444","93.7196814606378","79.1149827456329","441.350716577436"
"JUN2004","284.07857500521","58.1333082369463","17.5494328217364","359.761316063893","187.47843526029","306.15685406644","609.97334030104","985.553603907583","322.32420225086","341.548226785081","161.603034995277","64.0812847763801","54.72482401468","362.898744065678"
"JUL2004","344.753912962602","49.0195329345777","26.5259040021197","420.2993498993","254.879998653854","355.658781821723","752.820071017154","1182.80612697011","311.796432303685","344.210174949101","232.691580941552","73.6406833163007","73.8670974749763","483.199093161162"
"AGO2004","298.793296809079","54.2935133197903","33.104255057157","386.191065186027","227.422835027094","352.95730927546","730.236523528677","1121.40314605279","305.038230439751","337.698666849582","242.951644555177","92.8393389002937","51.9856656618642","484.220471238384"
"SEP2004","307.949046647496","53.6287541479807","20.3215582905902","381.899359086067","295.326895813804","348.111912169047","791.666075314368","1179.92323153409","320.530556722379","364.777255739561","260.507003099824","73.4195277689322","60.1801590171921","495.629710137122"
"OCT2004","339.991885778025","49.2112739720037","36.545967649069","425.749127399097","266.33091600395","420.906237946304","867.133362979361","1303.56031849681","311.162809237726","332.21170209529","250.460091088179","102.546083895693","88.5844636771887","560.161878159775"
"NOV2004","329.435651413488","62.3450813423865","25.1310920812769","416.911824837152","264.356500607169","328.9166073156","726.859900335544","1149.89054082281","276.131546740714","292.871593140384","242.069721380834","99.7112285195305","62.9025311559943","500.92034627496"
"DIC2004","316.427667654234","53.9178630014931","36.744629076619","407.090159732346","285.890769990462","361.822113361624","800.477202682713","1218.28686364123","378.314594729435","413.908666848873","227.671679551956","87.7491610344837","88.4094839541716","504.91897067751"
"ENE2005","332.503101333839","39.817417984571","39.6618915202834","411.982410838693","272.00340848093","359.825933634762","796.932574598592","1219.01505144299","345.044831797982","394.344039261436","194.000058273951","104.160749347333","108.863713859637","528.865782828511"
"FEB2005","332.280730542563","53.5126321696509","33.6218274106982","419.415190122912","225.888608038346","376.732241069536","752.682206628144","1180.51552802073","397.260703962432","412.871051067406","212.772361876473","63.2910746484052","72.1364702257367","430.811457663408"
"MAR2005","462.288156407122","62.9622963981251","29.7023600781554","554.952812883403","301.422668170704","374.750313648314","856.791174262385","1418.86999707409","399.355302659892","425.75799103486","253.479075324403","127.033113170698","110.525369508037","590.100932599378"
"ABR2005","491.359200327776","58.5803184173986","32.9404539012962","582.879972646471","283.66533411092","374.937657286539","797.721166595615","1389.50918908242","449.100167739034","484.098414112639","184.087106125163","88.0325664493046","91.3171131217647","450.415190581817"
"MAY2005","520.196390377918","84.0259684941862","32.3689900828813","636.591348954986","275.838469179413","393.588597090495","885.605997931011","1529.46116746141","420.739535535121","462.570894707772","218.656098039473","98.1209349954629","73.2667450599457","494.493914526191"
"JUN2005","415.735233260466","59.1060923338052","30.0444393706654","504.885764964936","278.102837748732","358.238222422569","778.831887776272","1293.7688818236","489.119560959687","510.661187015822","235.952373705631","88.8065057234706","84.1553892174722","501.704066773043"
"JUL2005","517.247571557022","69.9007841430713","39.5502643681882","626.698620068282","302.854737908102","490.76433764965","997.56550901157","1645.94347195288","467.236532772044","515.514498779286","266.20540985028","101.11538126446","80.0478229515299","561.660046640358"
"AGO2005","439.935803527912","66.3075782505501","28.6172688839989","534.860650662461","329.120644109704","381.990651132102","879.861900243087","1425.43774521518","432.709305693354","471.531033186532","323.459721224147","128.950960450878","72.1391932931383","649.370501743112"
"SEP2005","370.856234495061","70.4120308051778","43.3487143968231","484.616979697062","380.338837506749","471.35552783865","1096.87914324577","1596.80665225756","443.696480495368","471.709331840462","315.913518075607","101.81149850029","91.3212037851874","628.690397057108"
"OCT2005","382.452940469235","101.467105850978","43.6744997216465","527.594546041859","472.294798092042","445.41371026634","1104.03434575666","1644.90427962004","472.376272786453","501.754286618604","344.747280457065","123.630264841085","90.1020786933715","684.59863859424"
"NOV2005","443.288615774031","81.3428139000543","27.4335542495089","552.064983923594","397.376731244856","419.252360644422","1005.17175744508","1576.73470576299","452.179871324207","482.410439481831","317.639457305532","100.691803893719","156.232359645632","695.333263741536"
"DIC2005","372.085216367763","61.6828015071345","44.0159591490949","477.783977023993","301.426005934947","384.613121371605","876.244199536039","1382.0347421508","419.950420856606","440.275500579672","291.644635681794","126.585860451295","106.29811908669","640.4634503931"
"ENE2006","409.777785271105","53.5729970756146","29.4861767476724","492.836959094392","392.723987441926","419.554444387899","1049.16735403257","1554.51117893447","453.760819313614","483.173776783471","302.399744194367","110.643874927764","140.648996866851","694.540875322534"
"FEB2006","350.493364523819","76.3303256876906","46.2189525629284","473.042642774438","313.218162937364","350.846103170244","822.181638956215","1305.3121200837","364.974763949225","382.144206153676","296.211758354871","83.748365406784","93.8746261269423","585.258087459014"
"MAR2006","571.332342522862","90.7001935210172","53.6945001030476","715.727036146927","317.610183627601","405.93546362734","941.464497537846","1668.72747244739","472.363196645458","502.816492846171","319.870942980637","125.701379032189","142.245481889661","703.7510857549"
"ABR2006","391.633379030265","82.0160096385256","28.6028409514139","502.252229620204","271.140757848006","326.452056196502","842.200482105329","1357.33828197516","408.223143809153","427.165867974221","266.323614642435","82.7640315798748","104.749475903549","568.696209876617"
"MAY2006","561.576609121859","92.8095987266535","47.076041553412","701.462249401924","441.157841968566","436.268617216766","1172.12734629735","1885.9379491817","480.826931794888","502.327616908893","325.259282424938","121.940776906686","181.725728669574","754.116738086772"
"JUN2006","685.81566707063","88.0161997303854","50.8081063755346","824.63997317655","312.959746070953","352.482922060615","911.006882414337","1750.30455786373","436.715885436672","461.592948131862","316.124616050086","107.24202721793","107.764980650371","699.996871923718"
"JUL2006","580.615823061451","85.5217259206217","57.2926148891034","723.430163871176","329.02887535364","343.426080793358","907.772246702426","1646.49833421312","490.399868980315","521.035262393344","353.289935180466","121.702717067558","103.55251135405","704.958715850771"
"AGO2006","530.770057883451","79.4019664599017","41.8905797027136","652.062604046066","355.065625095896","378.391484637731","1016.16764776779","1678.78487319225","591.14222701163","622.172790573094","449.312231850324","122.097719095745","195.253083392925","926.855554167571"
"SEP2006","426.100949560628","81.3813504325459","24.7390374229688","532.221337416142","453.405170918068","416.964134846707","1137.06618218184","1680.86109160641","567.522279526104","593.520641116183","393.797846306516","170.857811092216","171.047662729465","872.384144945011"
"OCT2006","550.311742625695","114.605231095303","35.7368154597709","700.653789180769","357.601826196266","374.103391774971","1034.94917053185","1742.75397649496","398.253525635965","437.430830783321","464.782315002718","153.011461734856","173.069904447598","941.800624909229"
"NOV2006","534.706473148597","116.020074888049","36.4789284835622","687.205476520208","380.626331364465","389.267151987982","1132.58767968554","1837.51602784383","507.026660927863","542.406582144324","454.976044911076","127.749848392259","164.501226123505","909.081723964126"
"DIC2006","524.586296355509","83.6823458460736","48.756011583662","657.024653785244","354.793228131964","348.11410676866","957.043908983199","1620.55494368269","422.001681739913","537.02458154714","376.116906517789","118.943778284807","147.688276240013","808.419512731278"
"ENE2007","418.719226710403","92.7553103513017","31.3051977895696","542.779734851274","351.177000758868","398.653669501736","990.744847832063","1540.38374478617","456.21460400917","494.683620865074","414.806124272364","127.770773866504","133.812399813775","813.444773591928"
"FEB2007","495.197631317251","103.328002086555","58.4455578693659","656.971191273172","358.655997333624","339.585460567179","913.70657068628","1598.61405316123","410.770673943811","487.59830607614","434.860827435351","132.984124100478","133.022925294719","818.078356281721"
"MAR2007","638.611287313696","90.0459654909896","115.898205903281","844.555458707968","437.998181709504","346.392650548715","1059.00631047029","1916.1631083903","523.877944685095","612.699141766457","494.08186430346","120.497743309631","182.025380959393","943.53516329936"
"ABR2007","532.566326304594","120.561253455837","38.041500778887","691.169080539319","328.989910730634","361.172409278377","974.867909260175","1695.36786868245","480.257120902096","576.755547589436","312.812372373409","162.149695354829","281.869239405464","936.119786245344"
"MAY2007","676.97825973335","125.170415496085","129.821253045557","931.969928274991","353.335029797533","377.721785887417","1120.47121817126","2077.374337485","507.459458881763","668.274261488463","396.286730104399","155.003782713807","312.692512722912","1029.05365352248"
"JUN2007","597.527634116336","116.174189329962","97.3361468084251","811.037970254723","299.85131588218","330.007870891567","904.590610028759","1736.89929215459","506.168990633636","764.497760209021","466.136674034831","147.247143520225","241.224841066967","997.509800073733"
"JUL2007","774.938531170433","85.1923065550724","122.447323874267","982.578161599772","444.908415982404","293.341728988772","1030.29828557025","2038.70026617214","523.999013501214","559.172716061356","535.358088766775","144.45257495363","207.86261335538","1057.42997555137"
"AGO2007","857.628700022093","133.590664119192","71.8139256454219","1063.03328978671","393.064070176872","349.700915008838","1094.50602359368","2176.47856535173","646.268790048689","687.502623243368","620.49178857404","113.950011474661","330.028848959165","1261.98298384169"
"SEP2007","529.145087846445","110.195129077951","96.1793995951512","735.519616519547","339.897217295563","306.374952752358","1019.20907439622","1781.46616227603","477.533882168224","606.382470799456","529.045935784906","177.007569673191","318.643458131031","1218.34677580151"
"OCT2007","709.175265174322","137.703604519889","120.830116394421","967.708986088631","372.92374870325","421.346980037901","1232.0405922277","2223.13567851847","556.555882330753","758.741173565818","692.059336571701","234.255893945076","364.450373933237","1482.30427873734"
"NOV2007","873.881122786497","153.72999253623","52.056842485835","1079.66795780856","388.4189797326","432.473802881994","1237.57943170436","2339.09547556706","569.508431094259","615.797725919018","572.367376812093","245.535110054643","463.846897836367","1437.86275161673"
"DIC2007","699.271767331281","107.424562489021","63.8625589608305","870.558888781133","459.783055675078","423.658627160784","1338.3180741836","2240.71278569961","645.935710524768","689.464122124","501.409745094849","222.821816876725","270.452302495357","1134.91838355328"
"ENE2008","810.29004203716","113.723168794166","66.2330342339859","990.246245065311","344.340241332249","369.929616325991","1227.30326951935","2252.50989523429","599.338667790082","799.817920161743","563.499071822226","164.400896711932","353.842086050034","1257.00545837004"
"FEB2008","754.34571230744","146.591753381183","80.2414754981487","981.178941186772","442.054083726564","360.327006296497","1397.93446225178","2404.46660403863","501.144852014003","688.689226381755","608.880163217305","221.937443819233","287.249337804267","1267.94573189124"
"MAR2008","993.182000554563","146.529979980082","52.2618728909049","1191.97385342555","361.551367300379","447.896499544286","1253.18251328246","2470.63776957042","596.934359539802","631.49007518012","559.517484034113","207.95759268453","294.90314463661","1268.12633190728"
"ABR2008","1092.29960254629","152.705828963199","130.39875783303","1375.40418934252","475.362791818981","498.579732012776","1478.28317669669","2894.77476479962","673.530731331552","855.908877489818","547.74201090242","406.954626491832","339.346428247645","1511.03552572426"
"MAY2008","1183.98096065197","166.892577861206","122.870195581112","1473.74373409429","387.650583168923","416.134120548168","1443.50606549752","2959.55008182124","620.591421437361","785.685825759373","595.511393144291","284.264642171104","292.735667571355","1360.6929654551"
"JUN2008","1401.28490312027","165.633783398632","94.0942239184425","1661.01291043734","405.963381754031","342.323624467526","1305.1682029897","3008.07620991912","675.239565209002","732.748958233383","630.571003966966","228.88149746966","212.458685451953","1235.0534335071"
"JUL2008","1239.63738077379","174.649224877842","84.2125456956912","1498.49915134732","469.277695191716","451.859961696037","1565.86933146766","3097.01219236648","765.920909357099","950.117904197354","806.718430489132","357.859724091561","335.019282531538","1726.57324628592"
"AGO2008","963.692961914795","164.485717865011","159.650464763626","1287.82914454343","611.257920221889","470.029787756462","1764.47498091642","3090.16600645068","759.286521985768","888.059283073157","773.965209940696","256.394246625037","258.299977464081","1553.62634800412"
"SEP2008","942.210152837921","142.036703316968","54.3923547383418","1138.63921089323","572.494939685891","459.243879023449","1685.19036497052","2857.37785113605","719.346184794756","826.954493088428","837.908864875602","317.291505602735","258.799406135748","1692.65118875204"
"OCT2008","967.992154891109","197.390641605819","72.2811219368701","1237.6639184338","516.831421142267","453.401192948362","1629.49882067394","2899.57037052718","783.339319087992","886.351108679961","912.370622681847","304.663828479163","268.875815541208","1705.20479440385"
"NOV2008","825.606576990444","126.778069941305","57.2146675998734","1009.59931453162","350.052888918325","340.049519350528","984.507826082899","2020.01277000564","551.665861584647","586.869492979649","718.098990710808","194.74791948082","185.369514981422","1270.86167889353"
"DIC2008","644.75978707228","85.5819401521186","57.9248522434482","788.266579467847","365.879150159794","444.366424939518","1173.63446394281","1976.21890296126","559.37763473144","603.803285077668","596.399881825691","249.161715281359","175.775589480003","1223.09804485831"
"ENE2009","613.72499142908","80.9333822311718","53.3972114316325","748.055585091885","248.140758793126","399.302479173012","870.083077290495","1630.05176256984","589.125265456381","631.475359068996","540.706821823131","138.348398372292","150.339145464387","980.816325506678"
"FEB2009","610.192973591047","63.4139765481063","52.1190161205073","725.72596625966","188.466562717061","342.139053280751","775.686727965872","1535.43924679911","425.866177398065","447.668559121348","465.065689433382","107.554199343142","141.657435444736","835.686638542919"
"MAR2009","539.32483048225","77.8053606938322","74.5261893844967","691.656380560579","212.832913163157","410.970499491389","917.976367900574","1642.55109481868","507.29255020108","535.45113906502","356.937939358351","99.2320022162953","177.764274153268","784.678054949507"
"ABR2009","614.997593960744","74.9222154515863","83.6994185208942","773.619227933225","245.384742360173","450.835596959476","1011.67512339114","1807.34403024081","585.963536048975","638.049868100405","398.27731209041","125.785077643255","174.27859205468","860.695477372551"
"MAY2009","606.483977558759","79.4176696923806","54.6981663373449","740.599813588484","170.949087620654","310.614314080337","714.009014792983","1489.59931077476","482.712013454884","517.045701412998","394.814231164539","86.8115991800567","138.572590119641","784.561284898158"
"JUN2009","595.04572874428","89.7837174220014","40.3986799547734","725.228126121055","168.837368903884","329.525248195651","809.980417440343","1579.84852087526","606.861120977502","636.659539582908","471.915728765888","107.252828625633","116.350441541697","781.58202950551"
"JUL2009","735.614917299727","109.048797396466","50.5947105320695","895.258425228263","348.638230435745","375.126961217319","1117.75868100717","2065.69450791776","719.549330929225","761.716421287564","505.451055003734","118.083399520966","205.170455100513","948.33964492012"
"AGO2009","576.57755575534","109.445838007387","44.592824401169","730.616218163895","219.930240643213","404.401651540055","980.506555219746","1759.78058636966","586.44693370813","619.441996328775","457.330773613855","123.914422237454","208.69282078099","898.458269722041"
"SEP2009","595.983201278138","119.162364356298","90.7602606686898","805.905826303125","213.18107574267","365.604749158886","855.907566378782","1713.72610129707","481.923354728729","506.886112857367","561.336370265507","211.192622589096","139.313256031138","1032.80212223368"
"OCT2009","690.45555803081","152.574374326219","70.1230446607221","913.15297701775","242.922475772906","418.94789338354","1050.89062516196","2017.10180491434","602.983959062906","650.022450167186","663.434620367987","144.594214099555","226.353204608183","1183.05737561968"
"NOV2009","804.333669749457","139.886484946487","36.1663785176349","980.386533213579","337.885392944009","381.507822884241","1093.83922923718","2091.58466296756","657.08718678222","686.345034620583","625.9633156922","141.029225949612","294.945311652743","1237.30125289555"
"DIC2009","894.668239148451","115.004220890994","90.2589025250987","1099.93136256454","282.119687393125","458.528140526209","1139.25856017516","2283.82444463757","613.635565398394","648.001795110564","660.257373228095","177.125313107147","262.5419519371","1269.3472486877"
"ENE2010","683.277705815791","99.5969727153946","41.1865985159533","824.061277047139","235.207318416888","385.363017270822","1009.43374157021","1851.0449856625","692.872302870858","718.641224516589","632.865191372047","249.940959076899","269.785838388959","1339.82113884529"
"FEB2010","680.780950578802","124.202285882196","44.2209054990276","849.204141960025","304.848811905288","394.150169634579","1053.19474129913","1972.45805829495","587.3670391669","612.424091766555","596.115561595092","150.032273179271","227.589255774448","1108.30738176431"
"MAR2010","860.046206248929","157.918252952304","48.1771946084366","1066.14165380967","233.619366619408","394.871189305807","976.575785925812","2145.79717558814","579.968358281343","621.167091731384","712.674093203519","294.365544424425","301.495874663323","1474.87602651807"
"ABR2010","912.806511303947","159.055651232438","152.154504077398","1224.01666661378","413.718779143066","313.585888928367","990.068010589847","2308.36608952057","562.846627502216","594.517886089702","553.731494829541","433.061237697659","245.183460363471","1428.31257820873"
"MAY2010","806.889143341812","201.199452831017","78.913545849965","1087.00214202279","387.641570011459","485.370223323956","1258.61670599664","2387.66147753675","592.801520124604","617.501869017904","667.639534184436","238.177109987785","455.583474568906","1558.83123815424"
"JUN2010","775.723210514426","200.105544873432","45.1907939444891","1021.01954933235","414.457501925663","405.907260302416","1135.18733962611","2201.40051236385","612.350159704321","653.936497828229","822.158481760683","212.03778543695","183.576645736595","1411.80943281802"
"JUL2010","1047.51675836998","200.718001692538","48.4803077306214","1296.71506779314","450.445947173748","344.437335882034","1145.84609517514","2484.34565474475","631.398226205928","681.969042062665","1042.67065654251","266.164972237787","276.988434011098","1792.63342101805"
"AGO2010","857.470631391966","227.772663461114","59.5946044766223","1144.8378993297","453.619149279565","367.814605692005","1133.49044288037","2316.00494590352","721.268197751518","787.920817994289","1033.32413928148","301.959144176033","310.139139897006","1860.37098778127"
"SEP2010","752.104694137244","196.23396553043","41.4996716063277","989.838331274002","394.454116557972","383.092375011323","1273.6188930781","2297.47196400654","628.629274087144","669.105601722568","1029.68755292777","268.079675583099","254.451206830845","1789.43133630748"
"OCT2010","923.33598590481","199.501523821138","50.1159636003184","1172.95347332627","448.586983941359","364.530806492689","1279.19110735533","2488.13220767229","848.224041825565","890.419417141214","1027.70332308942","259.750534374887","217.983151971704","1731.29828834605"
"NOV2010","800.176069891922","172.167130351408","51.5278580435207","1023.87105828685","371.725498601779","434.509833385594","1416.15045996729","2475.63560465518","795.394461213449","825.660164649888","874.751565281205","345.200967276867","297.687334941689","1742.60301930659"
"DIC2010","800.666027113429","165.333324282474","65.1943385788282","1031.19368997473","551.826523688527","419.645581593783","1448.09858463603","2531.99006152978","781.87282054854","819.70528053245","944.837835161614","363.902391772422","241.494612629948","1801.95762924169"
"ENE2011","784.218885760618","134.29418576128","70.2313566813723","988.744428203271","488.435737522988","304.392164949238","1334.3940041219","2415.43484082787","712.29712794618","758.967337896701","871.974765113879","241.341818811101","212.112248977518","1594.62353448998"
"FEB2011","960.600910784067","137.236232301749","50.8215695040667","1148.65871258988","466.393891356593","361.865591862689","1274.87589364594","2512.54075166938","729.629929553156","764.410767989493","910.069178427557","290.478349349057","216.481065333185","1637.73182233258"
"MAR2011","1208.79856105233","187.510466839808","99.4441371211098","1495.75316501324","513.63897434961","524.238608895197","1626.13996845522","3211.28352966751","939.504169064721","1003.977571461","874.869092303068","351.512161953653","320.138124986441","1824.14743481073"
"ABR2011","1330.3237908514","223.575438750584","56.0309680370407","1609.93019763902","425.88163477135","303.937895749458","1258.36101386864","2918.68758009875","997.021496609724","1047.64239489779","895.815325620371","267.224911260069","176.707984034718","1543.35429264472"
"MAY2011","1424.54227417329","244.805689038211","61.7949714892311","1731.14293470073","631.952585898624","343.416620151882","1610.26407826621","3421.88360652464","832.042783950582","892.504275873839","954.866039033049","124.220718305667","234.962498883202","1560.81489523985"
"JUN2011","1284.95819171682","232.967055309789","74.0842078338728","1592.00945486048","451.374861065245","332.92961749296","1315.69474205205","2973.35499990225","1005.03222192285","1057.40622071257","1034.47922960806","160.310643011497","183.200292580279","1607.52025608511"
"JUL2011","1402.22138124885","199.358269451668","79.9879282700303","1681.56757897055","459.902794820066","268.700557168524","1504.9707422721","3299.50647388717","803.048679046132","863.097916686209","1178.61555542057","255.709533838637","239.050904047371","1919.25284651699"
"AGO2011","1192.65524870433","211.328444458959","69.9604986661038","1473.9441918294","713.678943069049","405.677143852268","1739.84093364913","3316.07299796444","829.252448085321","892.196339578386","1319.62891774181","284.082228358059","256.165059701943","2241.18573019445"
"SEP2011","1361.45489011132","246.495696686193","86.3635618303956","1694.31414862791","525.581048130537","586.122206085208","1635.01197921295","3470.58608600375","828.721598156148","886.451159788949","1253.83341534757","272.538461567977","227.989299858403","2095.70101283671"
"OCT2011","1239.40478430488","197.25857502463","48.3902210794884","1485.053580409","457.67151533473","472.777721711547","1280.57660908971","2855.89048577398","813.833710039587","866.948901897751","1162.1200114592","278.407292029628","173.943914940485","1897.27024645588"
"NOV2011","1458.48404519113","268.381100101304","114.075453303704","1840.94059859614","514.340996816213","479.860146100747","1638.35808338533","3556.36797490407","892.640127220418","955.111245977529","1171.76900745559","236.767295026844","193.398373749895","1896.30925858863"
"DIC2011","1295.74072353768","222.381957923799","96.3078008994987","1614.43048236097","575.017485806319","359.361466677115","1463.67206797236","3198.13580498103","974.414689443275","1038.65609986257","1010.05189019948","178.852628019568","312.157337916385","1709.94012745175"
"ENE2012","1222.59266917665","143.647340116317","76.6482480968727","1442.88825738984","454.496047558234","491.988969918214","1437.31328416957","3053.82235709047","786.967989131547","851.691424436227","1114.51339773715","203.841533171996","206.422261636175","1740.12726819882"
"FEB2012","1341.69443421624","179.449296522651","90.0387040562372","1611.18243479513","333.32085762438","360.824564589562","1328.85196470679","3097.11399502471","676.492258849068","729.231459933192","1183.81397414018","140.299639158773","209.238922597944","1796.6057592844"
"MAR2012","1512.05930838949","204.843497594277","75.4766578321474","1792.37946381592","508.113349511206","409.65993299059","1635.76377391325","3627.06588485968","893.92650229039","956.912327562701","812.023305512236","185.006263013972","239.663424306736","1493.87142924381"
"ABR2012","1420.09612603294","212.858048899661","78.9970307703121","1711.95120570291","555.981689529848","327.624558794195","1391.45272142234","3244.62372784561","772.980531323189","867.935170445035","1030.53213995866","196.008363914028","196.257738377765","1659.8446770588"
"MAY2012","1572.09711928058","226.408053910007","77.6232024296222","1876.1283756202","326.346813577786","517.661192956111","1628.32913305951","3732.80586671179","889.669572870615","975.025451478637","1236.369894681","199.223356938092","253.946384403869","1960.58356518189"
"JUN2012","1433.01539042906","261.027812379409","122.781842563875","1816.82504537235","303.424978712019","380.160176969285","1293.09599417306","3232.13070975902","710.399934716044","758.587872098605","1234.97435530639","213.725126925348","228.4764298242","1893.21489592253"
"JUL2012","1493.82421844063","201.305743511804","110.755355301061","1805.88531725349","353.236036654066","485.420845809305","1394.21368983168","3355.92026527472","921.370541168119","1001.00624997496","1291.85205513289","273.525143686024","188.878512415885","2002.53831238805"
"AGO2012","1838.12864878575","252.976844187054","137.182977261132","2228.28847023394","507.388028459112","420.37482317343","1430.40607235428","3867.18714939447","1069.97584379692","1135.96177890398","1448.62186788658","259.704479683194","251.167412383685","2273.39862792989"
"SEP2012","1555.51105279711","236.698273052424","54.7969038515662","1847.0062297011","366.174390870953","396.391838353079","1404.91502380127","3371.9840312151","914.506852125778","980.87100647966","1206.85600435047","218.517377594356","165.249411886931","1873.32153006841"
"OCT2012","1911.53147596555","301.143402479865","81.779299740579","2294.454178186","710.009399475373","510.412863482638","1937.29203892879","4387.10254702238","1074.76161038618","1153.03549489256","1630.95015641571","353.542474283729","207.898441746931","2528.58249850712"
"NOV2012","1506.70692289173","177.497046384221","56.950398260826","1741.15436753677","370.152931118429","569.978289209103","1568.47595769452","3414.91851497702","982.039128122525","1050.24875934027","1128.97917679158","187.526532901189","247.694681466073","1825.04224422412"
"DIC2012","1649.81014735742","183.377534939571","70.2670686746825","1903.45475097167","398.36414453622","413.724901290103","1376.64917915773","3381.14117573641","968.566909084609","1033.85343144017","1116.90909708771","165.565664947367","224.562126861236","1822.86748112679"
"ENE2013","1449.78339513808","182.212742360968","66.5837880510539","1698.5799255501","471.97472206629","382.444460167742","1564.2438708234","3490.89397627536","1077.73404699858","1137.41181525955","1282.24876316635","236.327503312371","262.138112157927","2074.87461895817"
"FEB2013","1064.30243313138","178.746753876811","176.487841179765","1419.53702818796","333.600054988024","413.006895686086","1442.3633028366","2950.89258070015","961.45516436019","1016.62887566848","1269.66295182293","130.543890026627","263.482800204808","1943.77821947528"
"MAR2013","1367.87378446588","189.668681793311","71.6983715757627","1629.24083783496","296.93605009668","323.427400611641","1073.65082773265","2852.52780039519","1104.44906597323","1176.87146340059","1129.22654313932","177.215397874036","201.975693956821","1801.1018135275"
"ABR2013","1521.18122995985","262.262209464254","249.350248691198","2032.7936881153","474.723832559251","301.843311709181","1364.57911982837","3579.60600220822","1066.62012175014","1143.4925335424","1077.99281614131","223.531146808254","259.239298794252","1845.80544619239"
"MAY2013","1298.97291103442","280.950255177605","256.986615832085","1836.90978204411","461.743607310967","387.23664527641","1372.84772008821","3338.16675840361","1414.21239707053","1470.50700158706","1274.69672526705","224.375345104622","214.583320100723","2024.4918161162"
"JUN2013","1331.75216726975","209.492458758152","59.5568315132725","1600.80145754118","343.139810121976","365.59368839545","1151.43977104328","2864.3213409928","1023.71127338925","1077.37288725328","1213.99389726073","193.166901885709","261.468062008693","1934.19612872073"
"JUL2013","1467.24541815256","229.543653179918","72.3593471326007","1769.14841846508","450.683008103077","425.53731482616","1436.80279667235","3316.3519008814","1189.95023517442","1269.77636882519","1384.32403485575","201.70446840693","246.48606545515","2135.39054108168"
"AGO2013","1496.97363169497","224.411883086899","67.5268458885919","1788.91236067046","553.418716032171","278.951831502508","1475.44089632583","3355.53406072797","1190.84611009239","1267.19310192652","1462.67691577373","252.868828492688","207.296123393704","2204.47723327475"
"SEP2013","1320.73822196217","187.614672823703","186.838241633647","1695.19113641952","261.010888064686","242.940729825273","1189.05269099239","3007.50849655947","937.693395996072","990.748810297493","1319.12335692037","176.036019864804","173.920825398049","1973.1200215836"
"OCT2013","1375.02604347209","248.040037353168","88.7574288127606","1711.82350963802","568.608576423037","310.236558819329","1512.25911729966","3297.95965235458","950.159145382688","1018.33056668003","1759.85375840776","216.201922621891","226.120887050163","2558.99691595838"
"NOV2013","1193.9855560485","158.291194975144","170.870396823958","1523.1471478476","508.021171785434","229.920941056373","1228.75285464204","2825.8672932972","985.911719597641","1056.6770057651","1230.44228255849","150.175229858101","236.93648063312","1911.23906782936"
"DIC2013","1136.54647607202","162.134888468126","74.4548088902438","1373.13617343039","379.299267960385","269.272234332218","1297.68292438832","2757.85732794774","1114.94993756176","1172.3921909813","1379.64611056458","183.135078239535","187.908353565974","2005.95911016"
"ENE2014","1224.17147723501","157.465265183936","173.495148665227","1555.13189108417","365.264957732136","298.118954767048","1164.62997243723","2877.29992829553","990.933684475655","1063.48305538452","1332.95494534568","193.607190241937","267.766489959483","2064.23833068966"
"FEB2014","1159.98085354727","183.407721168214","184.196459227684","1527.58503394316","381.181438349944","251.958689346618","1170.66561710598","2822.42372952572","741.117534926156","798.358267805091","1300.88749161604","181.439594278283","191.768710998264","1918.4053438366"
"MAR2014","1264.42604408181","213.955239870953","158.292304012581","1636.67358796534","534.503532742381","218.569649084066","1163.4149357284","2973.41812844092","1108.20472508337","1169.49455217432","1019.3721486493","189.114418093734","171.873781509872","1648.38894686885"
"ABR2014","1286.19079189413","200.653625026651","78.3940930837673","1565.23851000454","610.169799162045","224.546737882962","1547.2917404685","3223.94746067047","890.607259384475","958.352866578855","1076.49469981646","173.018553502841","246.263592231706","1765.14870022189"
"MAY2014","1177.76703458765","203.584179122003","81.7463936748823","1463.09760738454","356.394618715714","231.316955537415","972.40510053805","2606.56624356666","962.855606423967","1035.39937778071","1149.03415432059","219.147867365561","244.219015971346","1885.54220250855"
"JUN2014","1111.29553690148","199.760619445322","101.591236119561","1412.64739246636","308.228492993629","219.883082216104","1133.88838317932","2716.79958498541","1001.87096817394","1050.6620680945","1165.61912261149","189.794083425728","201.706817319545","1803.7540384042"
"JUL2014","1226.36425756304","233.622146550117","81.8171035445827","1541.80350765774","693.983313488133","265.242339111549","1565.85232732526","3234.2317777556","990.267925433852","1058.08371855332","1306.71873560567","159.129702722593","196.428073611671","1987.24899717584"
"AGO2014","1305.06909953702","213.439978663164","74.2862266097576","1592.79530480995","555.472151805106","224.63312607829","1269.63080953335","2941.53840371705","772.26516929844","827.321999747359","1284.51624688131","245.282885002735","146.622589306233","2017.84898787037"
"SEP2014","1167.85565102374","211.580666643321","73.9006286480996","1453.33694631516","449.248142320166","239.885564322579","1229.13393464212","2794.1224624231","797.411684623204","859.84495001887","1369.33333519586","174.07864503494","153.103500252707","1976.40641560188"
"OCT2014","1265.16374161998","211.736404657574","95.3094327327769","1572.20957901033","433.279995490893","265.769372008482","1267.71065925174","2968.07779750677","763.819280730604","811.261812388547","1446.06091627102","179.559277255876","131.888113572688","2069.15055555145"
"NOV2014","1044.13883192852","169.525192337541","66.6226386688758","1280.28666293494","421.089471725396","246.627880763878","1099.27908702614","2475.63660389919","926.694725237846","975.205430806119","1265.68681570173","233.830011676502","178.707062458831","1989.37955484315"
"DIC2014","1130.53578931427","211.792359690518","95.8776785486687","1438.20582755346","564.329406377669","228.240258828182","1250.62537527539","2797.65022645047","1225.37553026828","1292.75454500778","1237.84598752536","141.856076617062","180.917630835946","1878.64510295828"
"ENE2015","996.524034295678","167.840815955633","75.6873953741215","1240.05224562543","335.041053607438","213.956448169625","918.73827177822","2247.24508174315","757.971151183701","819.745183884282","1280.08950472557","134.10470511975","173.133077287735","1872.94495063412"
"FEB2015","905.938213301855","139.001251895405","47.1087337687717","1092.04819896603","373.177894035198","200.509692483152","882.023148159123","2120.65799784278","693.729474566964","734.959490579147","1198.19870153253","127.518636777245","166.930927907629","1792.50059499966"
"MAR2015","1120.85964068362","182.033918166546","63.6202334761785","1366.51379232634","410.851128122373","237.859775834518","1011.67308148035","2476.11814408677","736.955575501299","800.434998410971","1289.86379993042","167.094181645147","155.007596135941","1997.82379757803"
"ABR2015","1003.36941530426","153.797765465155","68.4658984371106","1225.63307920653","413.863151364486","223.950263463817","963.564698998742","2324.31601794723","841.69678909194","891.952827304453","968.592397895718","172.007505483156","272.046781614024","1721.78717977128"
"MAY2015","933.47913352892","192.680750934345","40.9690199388037","1167.12890440207","408.03327786286","189.660602552627","855.963285628822","2144.12461710482","655.097083366116","713.183875679173","951.039910139163","162.884271138074","153.765028662472","1557.82425203959"
"JUN2015","999.591263651225","171.812540079601","67.8325830878529","1239.23638681868","467.190050884895","238.902994860927","1102.28714624362","2478.9504597485","734.124696775362","795.348070720893","1073.59868228949","141.392256529498","160.407682046835","1624.66698455543"
"JUL2015","1061.80940545703","198.797839977421","74.6727627615286","1335.28000819598","448.663535230348","241.787182263801","1053.44463716098","2486.70601582001","905.258511583346","986.719056325216","1335.64989668248","190.426346936683","163.712095264685","2019.9174347231"
"AGO2015","1025.60737908366","212.401230649061","84.2365691598999","1322.24517889262","343.815563088809","167.284756235297","894.256114399981","2323.44402529115","775.324247402963","825.374655283099","1373.12214893979","210.470383115144","169.180325715393","2053.27338334169"
"SEP2015","914.766049056823","204.733881395894","47.8603844992901","1167.36031495201","430.357853061185","220.245323795277","1005.32019322714","2231.10753992576","834.16199257148","918.042352445061","1379.49869631116","213.470458915191","149.227684354916","2039.71092271075"
"OCT2015","991.644852863115","199.386331874377","54.4267013420363","1245.45788607953","363.51877398856","199.8734100663","949.318650103828","2275.71877632448","866.066841504642","922.617705366322","1464.42256413305","197.133834680023","168.145950860883","2135.54635844776"
"NOV2015","840.386493954008","159.504575592525","67.3241904238775","1067.21525997041","435.854918464766","209.086706453951","978.74584430126","2118.45071162904","776.266778089216","830.544223578199","1166.37093002141","152.110466587895","124.881179307944","1733.63360676685"
"DIC2015","1055.16759481724","174.494113154579","51.5324440407389","1281.19415201256","425.970283917758","178.051658711613","967.631874570669","2304.33636304723","1101.7775769098","1155.00122872755","1198.5215081926","152.584594713071","131.210825635135","1762.6832729136"
"ENE2016","860.994410932742","148.91449010572","54.6788047755963","1064.58770581406","311.523754357996","175.738579309942","737.727007202439","1859.42015975659","674.345115289786","740.472387223397","1143.80694199103","172.06626284109","150.705214437205","1759.1312585736"
"FEB2016","734.950608609764","134.437819757787","33.4016641656692","902.79009253322","279.380336627902","205.988426365833","715.918968675311","1694.12121244907","801.245392442545","854.147464237354","1197.35538895283","115.49493386032","98.7335008924394","1626.73401505919"
"MAR2016","882.642676196579","167.936327602364","52.8555630550886","1103.43456685403","419.869443002692","227.289191439438","916.533847629482","2107.64996817894","1031.71222258892","1104.15505865156","1069.53034293514","201.862102270257","108.357148134801","1671.35892976789"
"ABR2016","769.549724999073","157.818949655862","50.9856315930629","978.354306247998","335.494066702244","203.565606023673","883.185392754286","1942.52445140454","897.95585445493","961.735579415624","908.640915623694","163.792021349495","164.026774241318","1525.91835620208"
"MAY2016","803.831318346721","158.065081691626","94.6739766894985","1056.57037672785","387.834777635478","227.930582895503","937.974208608111","2070.34885031275","911.815532960824","988.903657251284","1071.95688461171","165.125208273185","153.08335420492","1647.11042043635"
"JUN2016","946.463657206297","154.789312392941","48.2972104956568","1149.55018009489","328.521674514003","154.392373557213","803.867938496348","2022.16259819264","679.833680244577","741.34826510239","1104.08602418263","144.732252467272","112.516686704033","1670.58788406052"
"JUL2016","857.87036604224","157.823618919413","50.3826968581782","1066.07668181983","372.334319974855","178.68181479157","871.972888783966","2039.01578563511","804.361475181162","874.114927540274","1368.87037772236","159.067618387624","123.789728873168","1911.20013830913"
"AGO2016","956.85961917406","193.326790917167","43.1977784589329","1193.38418855016","509.991692152771","251.897701512379","1118.13461460988","2368.54218846707","934.406802854762","986.556533165635","1385.22012229724","169.276581468321","172.288024401649","2052.14807785111"
"SEP2016","967.36415709543","169.683945579232","54.5313922713063","1191.57949494597","400.379345139887","241.846565989763","966.364212164017","2192.95988368373","734.157621911044","791.445178479436","1326.87639466943","150.800254840457","149.708051099278","1918.91588193874"
"OCT2016","870.059685381866","200.115476762616","49.4229161975259","1119.59807834201","456.720518333449","219.592699568934","965.175596629334","2190.4253821686","739.201025110643","795.435673441175","1270.64003209962","168.481938094355","181.544792944904","1893.34514054986"
"NOV2016","828.175924838128","180.66565463951","45.3990249781611","1054.2406044558","453.147223449397","223.230134924493","969.882009343689","2102.0459149656","836.108437577957","939.803907012022","1293.95078082593","179.304900785148","160.425602076192","1941.59747674735"
"DIC2016","867.475906917504","186.113292709971","51.3982333674908","1104.98743299497","524.09538705151","236.68720564861","1164.0815728186","2352.98240789655","976.318953425227","1053.60094633449","1297.69127134319","142.268425988231","158.957826016987","1891.91930584822"
"ENE2017","983.575416715112","143.925832025676","49.3810313409174","1176.88228008171","399.828238133348","239.761150440851","1016.05425033508","2276.92438058785","734.122574506858","785.521314953417","1270.28441187494","149.731606108269","209.52903962558","1921.94504537655"
"FEB2017","806.566405444276","150.001455514595","57.2634404127704","1013.83130137164","388.501635383253","236.836483518874","1007.80187029377","2128.14596874045","624.008047564954","673.727115502459","1134.43290790897","205.418919176696","162.702680689091","1751.97978311443"
"MAR2017","1005.50827251139","205.456498357811","62.7606204305106","1273.72539129972","520.300621914635","258.734007560206","1122.37100760431","2527.1405705612","924.178588860477","1005.00855897922","1138.56688861939","211.9985914333","172.354380778848","1869.27212077232"
"ABR2017","847.727827191646","188.802647702814","70.9034974729943","1107.43397236745","336.70619846521","217.766135705721","1015.10907449675","2188.53729873434","722.723484147323","773.60319732111","1059.2102472264","132.234951961679","167.192392609112","1693.63292119154"
"MAY2017","907.946496628137","172.000739527524","60.3855086128534","1140.33274476851","448.50481827853","229.712177081368","1073.38532282073","2315.91405397389","761.43412560019","825.581542120654","1191.31654954771","144.634460704982","154.440519334279","1827.44950093108"
"JUN2017","1016.3712752773","178.612365383135","75.5920038398068","1270.57564450024","493.356853177633","226.844132504462","1116.95499850983","2471.35481734437","822.445550049547","885.893695273287","1413.40096826275","163.603404496696","153.879594110982","2072.62391876224"
"JUL2017","915.216149100455","176.133367906248","75.2703714458052","1166.61988845251","424.518382970055","240.910218434978","980.863618126528","2246.25749724279","753.807260862646","827.5496773027","1407.35599383831","178.430004972573","156.109212491325","2069.80505174679"
"AGO2017","1109.70738292182","169.655397447603","55.9509219303204","1335.31370229974","475.752949181573","266.765786212152","1179.11458953564","2625.70320225461","899.709434911674","964.661790291718","1498.8117080103","168.592987453681","148.27056021137","2169.43983029865"
"SEP2017","869.803166300579","194.268645051982","49.930866949735","1114.0026783023","408.343072915391","254.314215694616","975.918237769983","2165.81410517683","874.824099147708","939.315206399848","1408.97410984432","159.80551897603","140.886484060023","2072.24308960092"
"OCT2017","1033.91621467814","198.984566209592","61.5004974215989","1294.40127830933","643.196357326767","230.165422893021","1230.84980655452","2593.96098004464","783.783287206208","854.045779247098","1438.40597449062","163.145643040826","122.176667071873","2104.03049208637"
"NOV2017","1089.90080394204","180.45783178585","84.550813216972","1354.90944894486","531.566521515103","273.710372021507","1173.25065586708","2585.70677113121","912.427744991785","976.877339624936","1380.22492676276","200.863356580317","186.012690618828","2147.1000632365"
"DIC2017","1119.5456287742","174.381515619299","58.2769666893473","1352.20411108285","630.438785251613","254.135067983362","1307.37350877651","2736.13433512787","878.951576111528","941.253823472572","1343.09475724528","149.999926082534","130.355705998094","1972.41909913263"
"ENE2018","1050.2143196677","178.720110686313","87.0031061282502","1315.93753648227","458.11432923778","262.811518911345","1082.11223329312","2479.41336903097","837.021432551604","896.222784261575","1488.53252117897","167.721528763734","156.190348536415","2155.08985184553"
"FEB2018","1027.82481765742","180.84110782294","60.7205633143216","1269.38648879468","477.104142859673","236.470174152741","1051.82967213899","2418.10774983696","706.969631783113","771.861773674799","1437.40134909404","150.916531506534","138.313285498594","2033.3112778859"
"MAR2018","1054.72316167718","204.825372598447","53.4122795500835","1312.96081382571","614.961014626126","296.989742617791","1384.40916098484","2810.84636264386","995.742919368144","1059.32975581012","1461.5712852937","211.387506898388","133.92673057604","2195.69304183209"
"ABR2018","1063.75321605172","212.337328789268","62.5796461118858","1338.67019095288","654.230212340131","260.83504799535","1346.34445067924","2778.48614326956","920.589447049881","996.32837376543","1095.78512741768","216.669270323424","150.300791815811","1799.97278140244"
"MAY2018","1301.63426815563","190.173465134608","76.9663541786437","1568.77408746888","578.306847161282","257.879327259355","1290.13852208858","2955.85171024252","1050.91996965552","1141.20423352865","1395.21166134975","199.9453337422","163.281056524904","2124.83822817478"
"JUN2018","1329.1177305454","203.182678375052","83.204406036114","1615.50481495657","563.739051413476","273.193435387361","1239.87891606387","2947.50333321855","874.002902273187","953.374276571962","1488.1110795259","165.572299746658","202.811283155487","2223.00331931459"
"JUL2018","1103.677501842","183.840432448444","56.6259401823592","1344.14387447281","538.619862892527","288.243363001373","1215.62265474203","2634.88666500349","863.903548094543","948.2584638928","1433.88533272496","310.269884879749","167.515660438331","2319.36842591587"
"AGO2018","1171.74219522313","237.838864390433","51.2330519968252","1460.81411161039","707.308959737101","275.695039535076","1536.99659666436","3100.92078568666","947.333365550209","1101.53275559497","1730.0276992616","257.037280347329","147.883472956175","2516.64334642332"
"SEP2018","1142.81796265033","209.883729479201","66.7724827286068","1419.47417485814","473.262945256382","252.645482151154","1061.05541827236","2551.82219459561","981.962698935374","1045.4485280642","1436.26261662246","196.566230144073","122.24006196598","2091.06481258929"
"OCT2018","1369.0437153781","229.155942022894","89.2302337182955","1687.42989111929","749.750374204799","344.218832412792","1597.03989404425","3367.77121871207","1074.25489340207","1167.96721237789","1818.50598133465","184.272534995404","156.352335670852","2544.57465560382"
"NOV2018","1230.41168314373","170.474890205653","116.260080616026","1517.14665396541","415.533284264862","280.674232325317","1184.59159925764","2773.72838918379","856.485078720402","933.963802642793","1327.33730981634","170.556762713533","158.789160977208","1978.1803253872"
"DIC2018","1182.25024450756","182.172415673903","78.4817163559254","1442.90437653739","523.747698574929","307.253527566423","1283.5782592839","2789.56607193282","948.9649829458","1024.69837770157","1464.46662003154","162.741559051395","159.552693247619","2135.41198526693"
"ENE2019","898.30453177012","184.88492271964","79.664653362503","1162.85410785226","451.632780084402","293.841869116417","1115.04266533099","2359.61238448957","935.665438274448","1025.2144896621","1581.00466169984","204.487556474527","156.550660794428","2279.62353824072"
"FEB2019","945.821127041256","185.389596445508","45.6563289138688","1176.86705240063","509.738504363439","318.74628299372","1219.59993638526","2459.01773193348","738.327717684005","815.184476996013","1559.35746654184","222.96441916163","114.690191317309","2171.64909304534"
"MAR2019","1183.97477732834","200.486826479779","76.7319763777533","1461.19358018587","423.469229916649","287.491769601959","1147.72133883566","2684.2089387416","958.089683545618","1038.61704394917","1306.38769898459","211.372096306355","130.912324627968","1981.74401215997"
"ABR2019","1100.58321571909","181.235956747977","57.8194874561658","1339.63865992324","520.050971786502","281.069643410746","1173.50957089236","2553.98409497319","1012.98919650303","1105.08317931077","1167.02746888213","232.858417633228","132.285916940639","1831.68800831015"
"MAY2019","1279.41718313553","201.656390086716","59.1545721641024","1540.22814538635","427.090670437439","300.446779839948","1287.44904216459","2853.27148606472","928.493475953979","1012.78061005946","1397.52399335536","273.042215056168","144.529574859806","2171.05270992764"
"JUN2019","1085.94577509122","145.442500896349","43.646963449905","1275.03523943747","473.119080278417","242.342541112499","1108.28358922178","2424.49365975025","805.052777007009","871.115595508939","1217.86559802242","206.144903729204","95.9842377694053","1855.55502412086"
"JUL2019","1194.59162010154","151.55535847693","61.9907252345038","1408.13770381297","568.944846180697","283.281871055297","1285.31500779834","2742.94738742505","971.969077237682","1069.94121758942","1474.1041892991","214.277149194254","130.965360177194","2213.22995426956"
"AGO2019","1248.09281845601","155.538659598405","60.3379614791411","1463.96943953356","484.747384064468","304.755968825748","1241.35450739295","2728.86440412344","973.37699754261","1043.66562466933","1497.738031178","230.138514677713","110.503172223674","2195.83929634603"
"SEP2019","1115.01533509882","150.493042652885","62.1969137289254","1327.70529148063","500.767479663555","262.02823563886","1183.74693186976","2531.26118249303","890.913023300382","974.590757459522","1318.24590032241","117.592645656922","106.415234115846","1867.26439450306"
"OCT2019","1190.29980570565","169.369235401727","66.5684468449868","1426.23748795236","478.870528592986","318.02202460993","1201.13444940985","2660.5386385308","957.305195523362","1028.99488927506","1432.60242945491","168.410837602483","99.4910131076594","2043.02917403799"
"NOV2019","1231.84954450535","135.94206178791","59.3754168440863","1427.16702313734","417.174046962473","287.463362065169","1155.99264939882","2623.56055322338","901.631005749092","977.614405727745","1313.80425003964","139.742236492037","112.387691932532","1865.30851941593"
"DIC2019","1219.95782780524","132.952390038311","57.7519579884023","1410.66217583195","442.969010954541","335.967730115956","1167.29290495206","2600.5432778035","1130.62607703741","1206.06151831842","1190.97779552004","161.71016837876","83.9476803339069","1705.92876602075"
"ENE2020","1147.18702044572","139.114179838618","49.2614619905062","1335.56266227484","460.452620205132","315.002671826759","1231.49474441242","2587.13786708327","790.549653034382","875.85018530367","1485.9328587746","152.051858551113","113.380300360098","2071.60928799155"
"FEB2020","874.799075733933","131.845164465175","53.1276341757375","1059.77187437485","388.10072138434","298.122898473194","1081.60585323352","2164.30104919002","598.412949838442","688.665640094976","1161.8851731708","87.0449298302255","74.8668897669964","1597.64248592206"
"MAR2020","1158.24709392515","118.838007701137","40.9696506139449","1318.05475224024","321.083279489903","278.133729859249","929.812438069534","2279.54028280382","732.726536803236","860.171324022279","959.27120874067","116.135077380536","76.796519336206","1451.54873968721"
"ABR2020","787.863657494341","142.399904291706","51.4730416968678","981.736603482915","349.90740150393","269.171799251009","876.542995020319","1918.33751760858","714.880521564665","816.528832212824","1212.06933311032","103.928365977594","107.309101615794","1661.13048808548"
"MAY2020","710.577336053054","93.9869612137157","45.460055568353","850.024352835123","258.724915101953","230.312153322097","732.427382737216","1615.76713497256","664.147069841212","777.371502997289","1215.35132726469","107.347279354174","71.3941417788741","1598.97227753234"
"JUN2020","760.268042707506","105.725255705809","54.4351702307161","920.428468644031","278.431217946901","195.393033516472","777.612798039424","1712.03788861028","668.631368748978","777.724146848056","1265.71344982618","59.6805600166973","53.0132740781582","1566.61694474625"
"JUL2020","918.57170914317","136.526334677199","76.5664229878654","1131.66446680823","325.366395678368","271.593672656403","931.058572596421","2110.08838026429","725.486098390507","833.435765011336","1541.15082454872","88.3897743091205","69.8366140577745","1964.24214102848"
"AGO2020","784.486039729908","104.78678808596","92.0751764754626","981.34800429133","341.067095352512","298.484383293733","975.68315982884","1987.78620827477","746.093248840487","896.928638159738","1361.11092094703","70.8349394000065","60.0836892393646","1794.38011018094"
"SEP2020","791.373398128941","128.953242081677","74.5292177364582","994.855857947077","381.769710295963","281.70284315137","1054.27244838568","2090.55387621929","737.320930056376","827.668639574668","1482.89160822535","74.6541984831141","50.2668324775562","1899.51830577078"
"OCT2020","886.335197824533","148.083066067258","87.5478356317952","1121.96609952359","390.255610996733","342.202278040726","1098.03099821976","2261.89401192512","700.780054392582","809.981619676735","1492.50404667649","79.0301872921207","91.2045587617481","1977.9195925472"
"NOV2020","776.44700595088","152.542849092849","82.0424982727512","1011.03235331648","396.047995425056","263.045555405465","1027.96336158089","2079.08481438626","668.18239248069","793.184055103105","1500.16533509994","105.711292345391","92.322571779342","1976.95739300497"
"DIC2020","938.129996365333","188.87924827337","101.890190064895","1228.8994347036","475.089727289929","265.611306532209","1215.6001306521","2465.59007244376","879.089949599808","990.252926759814","1754.64831472736","144.423521182722","154.172278498615","2376.75871561077"
"ENE2021","970.722298184805","185.101725576255","56.8260677736575","1212.65009153472","475.217422906196","241.554560921105","1087.79909271473","2329.14055658329","718.752124438936","831.24692991151","1732.56106403784","121.037506721149","124.326604433917","2325.423159298"
"FEB2021","1184.45665487692","169.316666164476","54.894271459394","1408.66759250079","432.440167280585","283.455495534944","1172.10895595101","2608.39596154053","808.937769397907","925.133827162615","1886.45464369829","122.362489075924","130.316869049982","2487.33461838662"
"MAR2021","1383.86821054319","191.648593261676","129.780974785026","1705.29777858989","580.67134859682","322.024767858137","1319.02035040883","3096.98010469041","1039.04901842056","1207.33041329903","2219.37458990962","143.15498665727","144.023369921874","2923.27192141317"
"ABR2021","1222.08673002309","208.177868236918","157.488598318801","1587.75319657881","381.908278934882","363.744580870028","1209.77350071528","2858.5826342902","972.425713105524","1109.11254710006","1621.83861722326","149.64913909251","119.73403885295","2290.39131716758"
"MAY2021","1212.61519432565","219.45965625582","74.3648134515231","1506.43966403299","579.964256569994","377.824119172528","1394.851302649","2972.96951559505","991.750635549811","1161.99485110009","2060.02872014909","176.243987173386","152.413815482837","2849.3425642986"
"JUN2021","1342.77242881112","174.617617808345","39.9535188891225","1557.34356550859","585.92821137466","357.051184430675","1442.08718150796","3069.35185427174","918.68281432551","1073.77562232794","2036.05817123114","125.022822781586","156.780554335641","2661.40739185148"
"JUL2021","1498.22015441351","196.031780868801","180.193698993198","1874.44563427551","603.402046370663","435.248647146256","1549.8499217882","3468.19117703953","967.2286440949","1161.45037610093","2441.08484357798","188.60549009818","202.245644080531","3304.35786189888"
"AGO2021","1544.36274176343","244.147303992936","82.6479506870253","1871.1579964434","900.401958164573","429.897385979247","1850.29140801511","3748.40005171279","971.374997615123","1138.33548420405","2684.10893698925","147.181674649054","199.566442937834","3516.90707834108"
"SEP2021","1385.71948064876","239.096971164617","78.5362916861222","1703.3527434995","770.856092089186","476.790165614706","1894.61073893607","3638.18902431","918.668955693012","1132.45625810715","2157.08921971336","224.073988138633","140.43135202379","3003.16753012733"
"OCT2021","1486.35088533569","260.450514866569","79.6451972404464","1826.4465974427","858.187631776361","550.061122801532","1927.53846251991","3784.66093776769","1013.1615586709","1217.3567596585","2931.90711706108","285.599738508986","188.243614807363","3823.38144189971"
"NOV2021","1431.63905705663","212.804029063598","123.93134947003","1768.37443559025","715.432823954892","521.622032923984","1729.57582513738","3552.07020165828","997.376901260267","1219.17479814116","2594.25336772452","249.37724762947","169.064484012118","3466.92890104277"
"DIC2021","1543.80788601499","228.436436043807","107.623615450307","1879.8679375091","882.249935027718","526.311611173908","1975.53452935668","3932.28659820091","1031.880582406","1220.64458392675","3152.12495267458","210.789089333303","150.389200014084","4031.91851545139"
"ENE2022","1303.7420258","208.79050747","58.613810876","1571.1463442","816.17866269","387.1106803","1674.5762782","3349.6083728","843.74870058","960.28833021","2969.5303863","221.64148867","135.76184349","3784.5440012"
"FEB2022","1417.1582772","172.01988062","80.2872041","1669.465362","792.27401473","526.80725708","1833.037906","3602.9105544","937.41489463","1177.2848526","2559.8429717","125.73450935","159.2245454","3307.665127"
"MAR2022","1654.6082016","213.64861113","57.949776414","1926.2065892","820.98043303","564.40823542","1981.1558537","3986.4771783","1016.4461403","1201.4778203","2591.4701915","233.34575439","209.77435151","3599.8015287"
"ABR2022","1741.4752808","214.86584289","85.525401758","2041.8665254","852.50394613","440.226345","1844.2789213","3955.6449896","1030.3632894","1203.5440115","1911.1777739","231.86614116","173.82966908","2917.084202"
"MAY2022","2319.7452903","213.60943346","83.047101895","2616.4018256","740.11366026","582.16045211","1892.8744684","4631.2107256","1073.7068277","1291.1609322","2144.3966288","162.44248776","190.817629","3050.8471308"
"JUN2022","2283.6833334","219.87575047","141.82788784","2645.3869717","1041.5226938","510.26318855","2200.5611091","4951.2450764","1013.4449696","1186.3431448","1975.285717","188.0234699","147.39642682","2795.7795375"
"JUL2022","1938.8790888","201.73830658","44.63567791","2185.2530733","829.97002706","373.87060993","1888.3482326","4182.0747334","908.22336631","1073.0889634","2313.351467","268.79627821","133.57243474","3163.4960404"
"AGO2022","2453.1583422","167.22035072","108.68660634","2729.0652993","917.77456723","593.21363744","2095.5268119","4907.5365742","940.0563101","1126.2511069","2615.5552245","193.83655049","164.12153581","3524.8666829"
"SEP2022","1708.1109308","165.75821314","115.8974292","1989.7665731","1032.464857","574.13807938","2258.8969146","4324.612119","978.19834753","1160.6507206","2213.9761108","201.03318594","134.50883288","3021.4297686"
"OCT2022","1770.2074786","219.1630343","79.586848482","2068.9573614","859.02532353","494.53132416","1833.9064102","3958.7681061","873.8820195","998.49344435","1763.4709207","225.8687739","118.14560308","2502.1096524"
"NOV2022","1884.5096601","169.35994305","106.90463075","2160.7742339","899.41230158","469.53534822","2028.330107","4264.0942287","1007.1635297","1156.3451004","1787.4893216","239.5106154","169.76170852","2631.0577689"
"DIC2022","1377.3749168","162.07016819","68.089348256","1607.5344332","792.30433352","439.97947057","1861.6834254","3514.1725011","970.28475727","1112.3995581","1629.4143264","372.91217184","154.24569143","2615.556461"
"ENE2023","1100.0969501","128.38058049","68.423131472","1296.9006621","698.46311126","388.63586822","1675.8871209","3059.3593693","905.90070562","1032.7786992","1457.4830517","270.22319974","174.54315882","2343.7553407"
"FEB2023","1523.4621162","128.8826966","44.916602922","1697.2614157","650.93795388","410.80829872","1483.2631629","3263.2893889","886.90277529","1069.0913048","1539.0374519","204.06956261","179.27540337","2296.8058866"
"MAR2023","1519.0213417","155.00069642","61.758299273","1735.7803374","1067.9599177","481.78283429","2123.4660664","3974.1662856","926.56435194","1056.1584285","1336.0024467","237.69259171","131.70466403","2102.9885608"
"ABR2023","1611.5849245","151.92083971","98.227119205","1861.7328834","633.14209213","436.14420331","1501.030884","3420.2093354","913.88144458","1018.0040951","1626.3613588","132.05312069","100.08959813","2234.8463507"
"MAY2023","1474.136844","167.69702865","61.29556555","1703.1294382","777.7289911","527.42586424","1901.5546573","3742.7788978","951.25759075","1066.7289391","1714.7566577","193.99910422","114.67124487","2447.8181212"
"JUN2023","1405.9119843","144.38348722","85.298812413","1635.5942839","678.59660427","414.57583109","1525.7612603","3211.7976471","926.72343681","1030.6652837","1701.1835362","172.317317","111.91171712","2324.6823696"
"JUL2023","1443.8513236","150.32227085","86.672216344","1680.8458108","741.3572027","459.45632278","1679.3016186","3452.5627138","934.50872366","1045.9412715","1678.0043064","149.94983828","112.71676116","2381.8699828"
"AGO2023","1574.2231976","135.40746379","73.124286892","1782.7549483","822.80404489","576.11511558","1849.0004986","3679.8564339","1004.590544","1143.1313959","2026.6445639","202.96269342","111.85525652","2822.3674518"
"SEP2023","1459.2278785","148.6652477","67.250331708","1675.1434579","562.54713638","429.37714635","1423.3508855","3167.2037525","945.38070642","1075.6323255","1606.4629106","180.59385815","104.03255579","2330.508066"
"OCT2023","1452.1926648","146.92252862","66.763790761","1665.8789842","815.49806923","464.29323285","1830.3598262","3575.8586383","869.68296533","996.70983695","1838.6380496","357.61440537","104.10270101","2789.7448856"
"NOV2023","1263.4660119","120.89988839","49.809859632","1434.1757599","811.24655526","475.64007284","1837.1341092","3331.3094057","831.99348723","942.19567822","1635.6357117","167.8505329","131.75706766","2332.2349192"
"DIC2023","1189.1050321","102.96539735","49.563637977","1341.6340675","565.65749606","467.44371718","1502.0480034","2901.5175663","809.98353304","928.00768168","1657.5980483","211.0130398","112.3111301","2383.0098734"
"ENE2024","1344.7792874","111.75376824","57.88017719","1514.4132328","698.70026383","460.36050164","1645.305452","3219.7502292","941.18863559","1066.0017788","1641.7128931","196.86006637","94.021501312","2351.353544"
"FEB2024","1342.7904601","112.22475822","35.772098701","1490.787317","607.73096085","457.30564804","1567.0295008","3133.1890891","698.68190802","799.48403655","1545.8604976","253.7626634","242.97557884","2371.0172306"
"MAR2024","1273.0365586","155.57215499","45.539305285","1474.1480189","480.5852823","623.9752699","1580.4778815","3108.6167337","877.08872373","1017.7242192","1576.1287494","141.14160354","142.64660294","2267.404951"
"ABR2024","1717.125576","160.04252235","44.755967568","1921.9240659","582.9063981","502.77383118","1533.1802069","3514.4544083","929.26785733","1062.8846504","1496.2716271","220.75920625","136.6327132","2294.1570489"
"MAY2024","1305.1680379","161.27773556","52.904190944","1519.3499644","804.93640552","605.37406384","1912.9886711","3538.6829957","938.72419319","1045.6028841","1578.3759116","122.25409267","106.41161124","2163.0762317"
"JUN2024","1125.4628857","159.24831316","46.152239627","1330.8634385","503.11017893","469.3907148","1424.3644241","2812.8090049","843.93264685","957.20836481","1549.9032592","167.50917739","109.4425516","2200.5945411"
"JUL2024","1639.9296815","211.59554931","53.617645242","1905.1428761","644.98850658","722.28369918","1917.1934895","3882.1586433","924.91359629","1086.6951881","1853.4399681","135.35757263","98.789676929","2498.376574"
"AGO2024","1399.5968789","151.09950206","45.765129015","1596.46151","737.62429724","639.65374811","1841.4537677","3498.1849761","877.37228849","994.48239161","2092.3905973","120.86508487","102.65463391","2710.0934254"
"SEP2024","1103.4024647","155.38171705","48.469115532","1307.2532972","488.68867489","575.50564283","1488.6398292","2852.8300284","924.43697988","1084.2047466","1750.7601418","163.29918472","96.133705535","2450.46363"
"OCT2024","1314.6469644","231.89204977","44.926130369","1591.4651445","728.60169519","667.071689","1885.3840401","3593.7025437","956.18323462","1097.5018752","2006.6812194","199.88921743","180.46960374","2865.5266546"
"NOV2024","1163.1872621","150.20566524","57.539008545","1370.9319359","574.66891009","610.2446676","1571.0406471","2991.9741518","884.26316722","1042.7415916","2039.4038527","181.14800967","182.10766717","2874.4137098"
"DIC2024","1329.1609644","170.25987484","56.258151597","1555.6789909","648.53897728","629.36201512","1801.647412","3420.4097073","1054.0782309","1194.6473833","2036.9953477","134.32160798","121.20055982","2782.3787059"
"ENE2025","1644.1908651","129.7188299","48.954012915","1822.8637079","447.73347088","620.33832941","1509.4881616","3360.189067","910.01547161","1047.3582898","2183.1975275","170.36443502","136.97435401","2929.5753624"
"FEB2025","1090.0970565","105.682743","62.243815337","1258.0236149","617.89661538","651.6930032","1678.0856698","3009.034443","691.74361612","846.44383001","1951.8547911","162.62650588","121.17440137","2639.5165248"
"MAR2025","1414.233317","158.88074959","60.032434786","1633.1465014","514.64418585","566.77905986","1499.8513968","3217.7929815","976.20141989","1112.2489062","1955.4044256","162.73388945","131.15256577","2855.8606505"
"ABR2025","1700.6812513","140.57791811","58.258311468","1899.5174809","603.84410291","575.24234905","1617.7235456","3633.6642647","983.26451636","1131.3082103","1768.4610954","166.92394478","154.73946195","2572.2572578"
"MAY2025","1340.6993622","144.30557342","64.201075256","1549.2060108","561.82596351","595.72797713","1601.9425081","3204.9720844","1130.4022632","1305.6478101","2081.998646","180.13706303","102.67914618","2880.3475209"
"JUN2025","1358.5855542","118.97296831","77.206068547","1554.7645911","723.4141076","551.23853331","1759.9137854","3375.3166434","1119.9606532","1276.9215981","2094.2090185","141.80095701","158.75958091","2854.2419658"
"JUL2025","1701.0321494","138.67294585","82.130682379","1921.8357776","738.61010895","648.27233211","1950.1917493","3955.5144328","1025.868698","1191.6411914","2561.178517","196.37955428","195.49188605","3527.7225078"
"AGO2025","1205.1814935","116.0451596","42.154994692","1363.3816478","631.89329616","492.93312491","1553.6136716","2979.4500108","1035.6980694","1178.9994439","2372.9541299","138.0553249","158.63563853","3145.8673882"
"SEP2025","1263.4450027","135.35672327","87.678486025","1486.480212","735.63570108","563.23421904","1803.1477226","3382.3344533","1060.9025085","1226.0220576","2432.8226322","190.16648591","166.56364002","3291.5565761"
"OCT2025","1344.428783","138.99036882","62.993309701","1546.4124615","695.12914665","546.98975822","1779.7800541","3385.9266131","1169.5841326","1320.6670826","2824.1035332","231.92718183","159.65331292","3887.8118636"
"NOV2025","1219.86691","113.78819703","70.744348894","1404.3994559","862.85893409","481.40852537","1740.7094402","3204.5942276","927.94536772","1073.1726262","1853.786497","159.7514988","165.9069389","2709.7703712"
"DIC2025","1308.3940893","156.32065694","39.30381875","1504.018565","717.75408397","570.95030317","1815.2958669","3367.4642095","1137.5882902","1291.3168183","2377.8847014","225.66096794","152.19077984","3244.4127156"
"ENE2026","1269.6674718","112.17743075","35.674586937","1417.5194895","541.29397674","438.46864953","1485.0291534","2936.6469963","949.71650903","1103.3785799","2300.1794211","198.06709836","118.96678778","3045.405349"
"FEB2026","1134.8300849","99.836262759","79.181408393","1313.8477561","553.46337899","617.51638997","1633.4291411","2967.9063988","857.41574648","994.44174404","1984.6106026","168.39225618","149.70699756","2725.5368439"
"MAR2026","1543.6624735","130.75994542","63.650973865","1738.0733928","716.53611887","655.55539601","1883.6907338","3690.0744844","1142.2299279","1289.250152","1835.904616","180.47182619","150.83414508","2644.3627265"
"ABR2026","1794.4340596","155.63192025","61.509276444","2011.5752563","660.59957372","716.35270807","1972.5552717","4039.0285281","972.51774301","1163.0190415","2054.5610184","184.9044289","122.22476245","2926.5245232"
"MAY2026","1547.4556366","119.62285704","49.076025268","1716.1545189","599.92564177","640.84543474","1819.5498403","3593.1693997","941.42550956","1086.1594575","2041.2883583","186.78936698","114.39264808","2777.9362227"
"JUN2026","1539.107541","138.39236974","108.3648461","1785.8647568","842.8848253","794.98012358","2102.4657308","3934.6861447","894.4685135","1103.0823036","2088.6667101","152.87633167","123.42369376","2795.2024686"
