periodo,region,importaciones_musd
2003-01-01,América. América del Norte. Total,322.060681147643
2003-02-01,América. América del Norte. Total,249.378781040432
2003-03-01,América. América del Norte. Total,275.332315164067
2003-04-01,América. América del Norte. Total,299.944932976438
2003-05-01,América. América del Norte. Total,337.33535746924
2003-06-01,América. América del Norte. Total,290.780476697198
2003-07-01,América. América del Norte. Total,317.123752411793
2003-08-01,América. América del Norte. Total,325.673528749678
2003-09-01,América. América del Norte. Total,306.585836462793
2003-10-01,América. América del Norte. Total,340.762361519852
2003-11-01,América. América del Norte. Total,305.908580821491
2003-12-01,América. América del Norte. Total,264.16242179947
2004-01-01,América. América del Norte. Total,314.742114557457
2004-02-01,América. América del Norte. Total,301.863143244282
2004-03-01,América. América del Norte. Total,372.07040814963
2004-04-01,América. América del Norte. Total,375.377740189448
2004-05-01,América. América del Norte. Total,383.38754265481
2004-06-01,América. América del Norte. Total,359.761316063893
2004-07-01,América. América del Norte. Total,420.2993498993
2004-08-01,América. América del Norte. Total,386.191065186027
2004-09-01,América. América del Norte. Total,381.899359086067
2004-10-01,América. América del Norte. Total,425.749127399097
2004-11-01,América. América del Norte. Total,416.911824837152
2004-12-01,América. América del Norte. Total,407.090159732346
2005-01-01,América. América del Norte. Total,411.982410838693
2005-02-01,América. América del Norte. Total,419.415190122912
2005-03-01,América. América del Norte. Total,554.952812883403
2005-04-01,América. América del Norte. Total,582.879972646471
2005-05-01,América. América del Norte. Total,636.591348954986
2005-06-01,América. América del Norte. Total,504.885764964936
2005-07-01,América. América del Norte. Total,626.698620068282
2005-08-01,América. América del Norte. Total,534.860650662461
2005-09-01,América. América del Norte. Total,484.616979697062
2005-10-01,América. América del Norte. Total,527.594546041859
2005-11-01,América. América del Norte. Total,552.064983923594
2005-12-01,América. América del Norte. Total,477.783977023993
2006-01-01,América. América del Norte. Total,492.836959094392
2006-02-01,América. América del Norte. Total,473.042642774438
2006-03-01,América. América del Norte. Total,715.727036146927
2006-04-01,América. América del Norte. Total,502.252229620204
2006-05-01,América. América del Norte. Total,701.462249401924
2006-06-01,América. América del Norte. Total,824.63997317655
2006-07-01,América. América del Norte. Total,723.430163871176
2006-08-01,América. América del Norte. Total,652.062604046066
2006-09-01,América. América del Norte. Total,532.221337416142
2006-10-01,América. América del Norte. Total,700.653789180769
2006-11-01,América. América del Norte. Total,687.205476520208
2006-12-01,América. América del Norte. Total,657.024653785244
2007-01-01,América. América del Norte. Total,542.779734851274
2007-02-01,América. América del Norte. Total,656.971191273172
2007-03-01,América. América del Norte. Total,844.555458707968
2007-04-01,América. América del Norte. Total,691.169080539319
2007-05-01,América. América del Norte. Total,931.969928274991
2007-06-01,América. América del Norte. Total,811.037970254723
2007-07-01,América. América del Norte. Total,982.578161599772
2007-08-01,América. América del Norte. Total,1063.03328978671
2007-09-01,América. América del Norte. Total,735.519616519547
2007-10-01,América. América del Norte. Total,967.708986088631
2007-11-01,América. América del Norte. Total,1079.66795780856
2007-12-01,América. América del Norte. Total,870.558888781133
2008-01-01,América. América del Norte. Total,990.246245065311
2008-02-01,América. América del Norte. Total,981.178941186772
2008-03-01,América. América del Norte. Total,1191.97385342555
2008-04-01,América. América del Norte. Total,1375.40418934252
2008-05-01,América. América del Norte. Total,1473.74373409429
2008-06-01,América. América del Norte. Total,1661.01291043734
2008-07-01,América. América del Norte. Total,1498.49915134732
2008-08-01,América. América del Norte. Total,1287.82914454343
2008-09-01,América. América del Norte. Total,1138.63921089323
2008-10-01,América. América del Norte. Total,1237.6639184338
2008-11-01,América. América del Norte. Total,1009.59931453162
2008-12-01,América. América del Norte. Total,788.266579467847
2009-01-01,América. América del Norte. Total,748.055585091885
2009-02-01,América. América del Norte. Total,725.72596625966
2009-03-01,América. América del Norte. Total,691.656380560579
2009-04-01,América. América del Norte. Total,773.619227933225
2009-05-01,América. América del Norte. Total,740.599813588484
2009-06-01,América. América del Norte. Total,725.228126121055
2009-07-01,América. América del Norte. Total,895.258425228263
2009-08-01,América. América del Norte. Total,730.616218163895
2009-09-01,América. América del Norte. Total,805.905826303125
2009-10-01,América. América del Norte. Total,913.15297701775
2009-11-01,América. América del Norte. Total,980.386533213579
2009-12-01,América. América del Norte. Total,1099.93136256454
2010-01-01,América. América del Norte. Total,824.061277047139
2010-02-01,América. América del Norte. Total,849.204141960025
2010-03-01,América. América del Norte. Total,1066.14165380967
2010-04-01,América. América del Norte. Total,1224.01666661378
2010-05-01,América. América del Norte. Total,1087.00214202279
2010-06-01,América. América del Norte. Total,1021.01954933235
2010-07-01,América. América del Norte. Total,1296.71506779314
2010-08-01,América. América del Norte. Total,1144.8378993297
2010-09-01,América. América del Norte. Total,989.838331274002
2010-10-01,América. América del Norte. Total,1172.95347332627
2010-11-01,América. América del Norte. Total,1023.87105828685
2010-12-01,América. América del Norte. Total,1031.19368997473
2011-01-01,América. América del Norte. Total,988.744428203271
2011-02-01,América. América del Norte. Total,1148.65871258988
2011-03-01,América. América del Norte. Total,1495.75316501324
2011-04-01,América. América del Norte. Total,1609.93019763902
2011-05-01,América. América del Norte. Total,1731.14293470073
2011-06-01,América. América del Norte. Total,1592.00945486048
2011-07-01,América. América del Norte. Total,1681.56757897055
2011-08-01,América. América del Norte. Total,1473.9441918294
2011-09-01,América. América del Norte. Total,1694.31414862791
2011-10-01,América. América del Norte. Total,1485.053580409
2011-11-01,América. América del Norte. Total,1840.94059859614
2011-12-01,América. América del Norte. Total,1614.43048236097
2012-01-01,América. América del Norte. Total,1442.88825738984
2012-02-01,América. América del Norte. Total,1611.18243479513
2012-03-01,América. América del Norte. Total,1792.37946381592
2012-04-01,América. América del Norte. Total,1711.95120570291
2012-05-01,América. América del Norte. Total,1876.1283756202
2012-06-01,América. América del Norte. Total,1816.82504537235
2012-07-01,América. América del Norte. Total,1805.88531725349
2012-08-01,América. América del Norte. Total,2228.28847023394
2012-09-01,América. América del Norte. Total,1847.0062297011
2012-10-01,América. América del Norte. Total,2294.454178186
2012-11-01,América. América del Norte. Total,1741.15436753677
2012-12-01,América. América del Norte. Total,1903.45475097167
2013-01-01,América. América del Norte. Total,1698.5799255501
2013-02-01,América. América del Norte. Total,1419.53702818796
2013-03-01,América. América del Norte. Total,1629.24083783496
2013-04-01,América. América del Norte. Total,2032.7936881153
2013-05-01,América. América del Norte. Total,1836.90978204411
2013-06-01,América. América del Norte. Total,1600.80145754118
2013-07-01,América. América del Norte. Total,1769.14841846508
2013-08-01,América. América del Norte. Total,1788.91236067046
2013-09-01,América. América del Norte. Total,1695.19113641952
2013-10-01,América. América del Norte. Total,1711.82350963802
2013-11-01,América. América del Norte. Total,1523.1471478476
2013-12-01,América. América del Norte. Total,1373.13617343039
2014-01-01,América. América del Norte. Total,1555.13189108417
2014-02-01,América. América del Norte. Total,1527.58503394316
2014-03-01,América. América del Norte. Total,1636.67358796534
2014-04-01,América. América del Norte. Total,1565.23851000454
2014-05-01,América. América del Norte. Total,1463.09760738454
2014-06-01,América. América del Norte. Total,1412.64739246636
2014-07-01,América. América del Norte. Total,1541.80350765774
2014-08-01,América. América del Norte. Total,1592.79530480995
2014-09-01,América. América del Norte. Total,1453.33694631516
2014-10-01,América. América del Norte. Total,1572.20957901033
2014-11-01,América. América del Norte. Total,1280.28666293494
2014-12-01,América. América del Norte. Total,1438.20582755346
2015-01-01,América. América del Norte. Total,1240.05224562543
2015-02-01,América. América del Norte. Total,1092.04819896603
2015-03-01,América. América del Norte. Total,1366.51379232634
2015-04-01,América. América del Norte. Total,1225.63307920653
2015-05-01,América. América del Norte. Total,1167.12890440207
2015-06-01,América. América del Norte. Total,1239.23638681868
2015-07-01,América. América del Norte. Total,1335.28000819598
2015-08-01,América. América del Norte. Total,1322.24517889262
2015-09-01,América. América del Norte. Total,1167.36031495201
2015-10-01,América. América del Norte. Total,1245.45788607953
2015-11-01,América. América del Norte. Total,1067.21525997041
2015-12-01,América. América del Norte. Total,1281.19415201256
2016-01-01,América. América del Norte. Total,1064.58770581406
2016-02-01,América. América del Norte. Total,902.79009253322
2016-03-01,América. América del Norte. Total,1103.43456685403
2016-04-01,América. América del Norte. Total,978.354306247998
2016-05-01,América. América del Norte. Total,1056.57037672785
2016-06-01,América. América del Norte. Total,1149.55018009489
2016-07-01,América. América del Norte. Total,1066.07668181983
2016-08-01,América. América del Norte. Total,1193.38418855016
2016-09-01,América. América del Norte. Total,1191.57949494597
2016-10-01,América. América del Norte. Total,1119.59807834201
2016-11-01,América. América del Norte. Total,1054.2406044558
2016-12-01,América. América del Norte. Total,1104.98743299497
2017-01-01,América. América del Norte. Total,1176.88228008171
2017-02-01,América. América del Norte. Total,1013.83130137164
2017-03-01,América. América del Norte. Total,1273.72539129972
2017-04-01,América. América del Norte. Total,1107.43397236745
2017-05-01,América. América del Norte. Total,1140.33274476851
2017-06-01,América. América del Norte. Total,1270.57564450024
2017-07-01,América. América del Norte. Total,1166.61988845251
2017-08-01,América. América del Norte. Total,1335.31370229974
2017-09-01,América. América del Norte. Total,1114.0026783023
2017-10-01,América. América del Norte. Total,1294.40127830933
2017-11-01,América. América del Norte. Total,1354.90944894486
2017-12-01,América. América del Norte. Total,1352.20411108285
2018-01-01,América. América del Norte. Total,1315.93753648227
2018-02-01,América. América del Norte. Total,1269.38648879468
2018-03-01,América. América del Norte. Total,1312.96081382571
2018-04-01,América. América del Norte. Total,1338.67019095288
2018-05-01,América. América del Norte. Total,1568.77408746888
2018-06-01,América. América del Norte. Total,1615.50481495657
2018-07-01,América. América del Norte. Total,1344.14387447281
2018-08-01,América. América del Norte. Total,1460.81411161039
2018-09-01,América. América del Norte. Total,1419.47417485814
2018-10-01,América. América del Norte. Total,1687.42989111929
2018-11-01,América. América del Norte. Total,1517.14665396541
2018-12-01,América. América del Norte. Total,1442.90437653739
2019-01-01,América. América del Norte. Total,1162.85410785226
2019-02-01,América. América del Norte. Total,1176.86705240063
2019-03-01,América. América del Norte. Total,1461.19358018587
2019-04-01,América. América del Norte. Total,1339.63865992324
2019-05-01,América. América del Norte. Total,1540.22814538635
2019-06-01,América. América del Norte. Total,1275.03523943747
2019-07-01,América. América del Norte. Total,1408.13770381297
2019-08-01,América. América del Norte. Total,1463.96943953356
2019-09-01,América. América del Norte. Total,1327.70529148063
2019-10-01,América. América del Norte. Total,1426.23748795236
2019-11-01,América. América del Norte. Total,1427.16702313734
2019-12-01,América. América del Norte. Total,1410.66217583195
2020-01-01,América. América del Norte. Total,1335.56266227484
2020-02-01,América. América del Norte. Total,1059.77187437485
2020-03-01,América. América del Norte. Total,1318.05475224024
2020-04-01,América. América del Norte. Total,981.736603482915
2020-05-01,América. América del Norte. Total,850.024352835123
2020-06-01,América. América del Norte. Total,920.428468644031
2020-07-01,América. América del Norte. Total,1131.66446680823
2020-08-01,América. América del Norte. Total,981.34800429133
2020-09-01,América. América del Norte. Total,994.855857947077
2020-10-01,América. América del Norte. Total,1121.96609952359
2020-11-01,América. América del Norte. Total,1011.03235331648
2020-12-01,América. América del Norte. Total,1228.8994347036
2021-01-01,América. América del Norte. Total,1212.65009153472
2021-02-01,América. América del Norte. Total,1408.66759250079
2021-03-01,América. América del Norte. Total,1705.29777858989
2021-04-01,América. América del Norte. Total,1587.75319657881
2021-05-01,América. América del Norte. Total,1506.43966403299
2021-06-01,América. América del Norte. Total,1557.34356550859
2021-07-01,América. América del Norte. Total,1874.44563427551
2021-08-01,América. América del Norte. Total,1871.1579964434
2021-09-01,América. América del Norte. Total,1703.3527434995
2021-10-01,América. América del Norte. Total,1826.4465974427
2021-11-01,América. América del Norte. Total,1768.37443559025
2021-12-01,América. América del Norte. Total,1879.8679375091
2022-01-01,América. América del Norte. Total,1571.1463442
2022-02-01,América. América del Norte. Total,1669.465362
2022-03-01,América. América del Norte. Total,1926.2065892
2022-04-01,América. América del Norte. Total,2041.8665254
2022-05-01,América. América del Norte. Total,2616.4018256
2022-06-01,América. América del Norte. Total,2645.3869717
2022-07-01,América. América del Norte. Total,2185.2530733
2022-08-01,América. América del Norte. Total,2729.0652993
2022-09-01,América. América del Norte. Total,1989.7665731
2022-10-01,América. América del Norte. Total,2068.9573614
2022-11-01,América. América del Norte. Total,2160.7742339
2022-12-01,América. América del Norte. Total,1607.5344332
2023-01-01,América. América del Norte. Total,1296.9006621
2023-02-01,América. América del Norte. Total,1697.2614157
2023-03-01,América. América del Norte. Total,1735.7803374
2023-04-01,América. América del Norte. Total,1861.7328834
2023-05-01,América. América del Norte. Total,1703.1294382
2023-06-01,América. América del Norte. Total,1635.5942839
2023-07-01,América. América del Norte. Total,1680.8458108
2023-08-01,América. América del Norte. Total,1782.7549483
2023-09-01,América. América del Norte. Total,1675.1434579
2023-10-01,América. América del Norte. Total,1665.8789842
2023-11-01,América. América del Norte. Total,1434.1757599
2023-12-01,América. América del Norte. Total,1341.6340675
2024-01-01,América. América del Norte. Total,1514.4132328
2024-02-01,América. América del Norte. Total,1490.787317
2024-03-01,América. América del Norte. Total,1474.1480189
2024-04-01,América. América del Norte. Total,1921.9240659
2024-05-01,América. América del Norte. Total,1519.3499644
2024-06-01,América. América del Norte. Total,1330.8634385
2024-07-01,América. América del Norte. Total,1905.1428761
2024-08-01,América. América del Norte. Total,1596.46151
2024-09-01,América. América del Norte. Total,1307.2532972
2024-10-01,América. América del Norte. Total,1591.4651445
2024-11-01,América. América del Norte. Total,1370.9319359
2024-12-01,América. América del Norte. Total,1555.6789909
2025-01-01,América. América del Norte. Total,1822.8637079
2025-02-01,América. América del Norte. Total,1258.0236149
2025-03-01,América. América del Norte. Total,1633.1465014
2025-04-01,América. América del Norte. Total,1899.5174809
2025-05-01,América. América del Norte. Total,1549.2060108
2025-06-01,América. América del Norte. Total,1554.7645911
2025-07-01,América. América del Norte. Total,1921.8357776
2025-08-01,América. América del Norte. Total,1363.3816478
2025-09-01,América. América del Norte. Total,1486.480212
2025-10-01,América. América del Norte. Total,1546.4124615
2025-11-01,América. América del Norte. Total,1404.3994559
2025-12-01,América. América del Norte. Total,1504.018565
2026-01-01,América. América del Norte. Total,1417.5194895
2026-02-01,América. América del Norte. Total,1313.8477561
2026-03-01,América. América del Norte. Total,1738.0733928
2026-04-01,América. América del Norte. Total,2011.5752563
2026-05-01,América. América del Norte. Total,1716.1545189
2026-06-01,América. América del Norte. Total,1785.8647568
2003-01-01,América. América del Sur. Total,649.230260595658
2003-02-01,América. América del Sur. Total,536.571846283081
2003-03-01,América. América del Sur. Total,482.700507001839
2003-04-01,América. América del Sur. Total,559.957120003899
2003-05-01,América. América del Sur. Total,538.841096122699
2003-06-01,América. América del Sur. Total,514.293786477285
2003-07-01,América. América del Sur. Total,605.40694296945
2003-08-01,América. América del Sur. Total,569.34786732528
2003-09-01,América. América del Sur. Total,552.406565519024
2003-10-01,América. América del Sur. Total,672.053491519501
2003-11-01,América. América del Sur. Total,596.704900406597
2003-12-01,América. América del Sur. Total,598.218932126372
2004-01-01,América. América del Sur. Total,705.080134654152
2004-02-01,América. América del Sur. Total,524.744022013188
2004-03-01,América. América del Sur. Total,711.100759846043
2004-04-01,América. América del Sur. Total,675.457267868167
2004-05-01,América. América del Sur. Total,699.075858366834
2004-06-01,América. América del Sur. Total,609.97334030104
2004-07-01,América. América del Sur. Total,752.820071017154
2004-08-01,América. América del Sur. Total,730.236523528677
2004-09-01,América. América del Sur. Total,791.666075314368
2004-10-01,América. América del Sur. Total,867.133362979361
2004-11-01,América. América del Sur. Total,726.859900335544
2004-12-01,América. América del Sur. Total,800.477202682713
2005-01-01,América. América del Sur. Total,796.932574598592
2005-02-01,América. América del Sur. Total,752.682206628144
2005-03-01,América. América del Sur. Total,856.791174262385
2005-04-01,América. América del Sur. Total,797.721166595615
2005-05-01,América. América del Sur. Total,885.605997931011
2005-06-01,América. América del Sur. Total,778.831887776272
2005-07-01,América. América del Sur. Total,997.56550901157
2005-08-01,América. América del Sur. Total,879.861900243087
2005-09-01,América. América del Sur. Total,1096.87914324577
2005-10-01,América. América del Sur. Total,1104.03434575666
2005-11-01,América. América del Sur. Total,1005.17175744508
2005-12-01,América. América del Sur. Total,876.244199536039
2006-01-01,América. América del Sur. Total,1049.16735403257
2006-02-01,América. América del Sur. Total,822.181638956215
2006-03-01,América. América del Sur. Total,941.464497537846
2006-04-01,América. América del Sur. Total,842.200482105329
2006-05-01,América. América del Sur. Total,1172.12734629735
2006-06-01,América. América del Sur. Total,911.006882414337
2006-07-01,América. América del Sur. Total,907.772246702426
2006-08-01,América. América del Sur. Total,1016.16764776779
2006-09-01,América. América del Sur. Total,1137.06618218184
2006-10-01,América. América del Sur. Total,1034.94917053185
2006-11-01,América. América del Sur. Total,1132.58767968554
2006-12-01,América. América del Sur. Total,957.043908983199
2007-01-01,América. América del Sur. Total,990.744847832063
2007-02-01,América. América del Sur. Total,913.70657068628
2007-03-01,América. América del Sur. Total,1059.00631047029
2007-04-01,América. América del Sur. Total,974.867909260175
2007-05-01,América. América del Sur. Total,1120.47121817126
2007-06-01,América. América del Sur. Total,904.590610028759
2007-07-01,América. América del Sur. Total,1030.29828557025
2007-08-01,América. América del Sur. Total,1094.50602359368
2007-09-01,América. América del Sur. Total,1019.20907439622
2007-10-01,América. América del Sur. Total,1232.0405922277
2007-11-01,América. América del Sur. Total,1237.57943170436
2007-12-01,América. América del Sur. Total,1338.3180741836
2008-01-01,América. América del Sur. Total,1227.30326951935
2008-02-01,América. América del Sur. Total,1397.93446225178
2008-03-01,América. América del Sur. Total,1253.18251328246
2008-04-01,América. América del Sur. Total,1478.28317669669
2008-05-01,América. América del Sur. Total,1443.50606549752
2008-06-01,América. América del Sur. Total,1305.1682029897
2008-07-01,América. América del Sur. Total,1565.86933146766
2008-08-01,América. América del Sur. Total,1764.47498091642
2008-09-01,América. América del Sur. Total,1685.19036497052
2008-10-01,América. América del Sur. Total,1629.49882067394
2008-11-01,América. América del Sur. Total,984.507826082899
2008-12-01,América. América del Sur. Total,1173.63446394281
2009-01-01,América. América del Sur. Total,870.083077290495
2009-02-01,América. América del Sur. Total,775.686727965872
2009-03-01,América. América del Sur. Total,917.976367900574
2009-04-01,América. América del Sur. Total,1011.67512339114
2009-05-01,América. América del Sur. Total,714.009014792983
2009-06-01,América. América del Sur. Total,809.980417440343
2009-07-01,América. América del Sur. Total,1117.75868100717
2009-08-01,América. América del Sur. Total,980.506555219746
2009-09-01,América. América del Sur. Total,855.907566378782
2009-10-01,América. América del Sur. Total,1050.89062516196
2009-11-01,América. América del Sur. Total,1093.83922923718
2009-12-01,América. América del Sur. Total,1139.25856017516
2010-01-01,América. América del Sur. Total,1009.43374157021
2010-02-01,América. América del Sur. Total,1053.19474129913
2010-03-01,América. América del Sur. Total,976.575785925812
2010-04-01,América. América del Sur. Total,990.068010589847
2010-05-01,América. América del Sur. Total,1258.61670599664
2010-06-01,América. América del Sur. Total,1135.18733962611
2010-07-01,América. América del Sur. Total,1145.84609517514
2010-08-01,América. América del Sur. Total,1133.49044288037
2010-09-01,América. América del Sur. Total,1273.6188930781
2010-10-01,América. América del Sur. Total,1279.19110735533
2010-11-01,América. América del Sur. Total,1416.15045996729
2010-12-01,América. América del Sur. Total,1448.09858463603
2011-01-01,América. América del Sur. Total,1334.3940041219
2011-02-01,América. América del Sur. Total,1274.87589364594
2011-03-01,América. América del Sur. Total,1626.13996845522
2011-04-01,América. América del Sur. Total,1258.36101386864
2011-05-01,América. América del Sur. Total,1610.26407826621
2011-06-01,América. América del Sur. Total,1315.69474205205
2011-07-01,América. América del Sur. Total,1504.9707422721
2011-08-01,América. América del Sur. Total,1739.84093364913
2011-09-01,América. América del Sur. Total,1635.01197921295
2011-10-01,América. América del Sur. Total,1280.57660908971
2011-11-01,América. América del Sur. Total,1638.35808338533
2011-12-01,América. América del Sur. Total,1463.67206797236
2012-01-01,América. América del Sur. Total,1437.31328416957
2012-02-01,América. América del Sur. Total,1328.85196470679
2012-03-01,América. América del Sur. Total,1635.76377391325
2012-04-01,América. América del Sur. Total,1391.45272142234
2012-05-01,América. América del Sur. Total,1628.32913305951
2012-06-01,América. América del Sur. Total,1293.09599417306
2012-07-01,América. América del Sur. Total,1394.21368983168
2012-08-01,América. América del Sur. Total,1430.40607235428
2012-09-01,América. América del Sur. Total,1404.91502380127
2012-10-01,América. América del Sur. Total,1937.29203892879
2012-11-01,América. América del Sur. Total,1568.47595769452
2012-12-01,América. América del Sur. Total,1376.64917915773
2013-01-01,América. América del Sur. Total,1564.2438708234
2013-02-01,América. América del Sur. Total,1442.3633028366
2013-03-01,América. América del Sur. Total,1073.65082773265
2013-04-01,América. América del Sur. Total,1364.57911982837
2013-05-01,América. América del Sur. Total,1372.84772008821
2013-06-01,América. América del Sur. Total,1151.43977104328
2013-07-01,América. América del Sur. Total,1436.80279667235
2013-08-01,América. América del Sur. Total,1475.44089632583
2013-09-01,América. América del Sur. Total,1189.05269099239
2013-10-01,América. América del Sur. Total,1512.25911729966
2013-11-01,América. América del Sur. Total,1228.75285464204
2013-12-01,América. América del Sur. Total,1297.68292438832
2014-01-01,América. América del Sur. Total,1164.62997243723
2014-02-01,América. América del Sur. Total,1170.66561710598
2014-03-01,América. América del Sur. Total,1163.4149357284
2014-04-01,América. América del Sur. Total,1547.2917404685
2014-05-01,América. América del Sur. Total,972.40510053805
2014-06-01,América. América del Sur. Total,1133.88838317932
2014-07-01,América. América del Sur. Total,1565.85232732526
2014-08-01,América. América del Sur. Total,1269.63080953335
2014-09-01,América. América del Sur. Total,1229.13393464212
2014-10-01,América. América del Sur. Total,1267.71065925174
2014-11-01,América. América del Sur. Total,1099.27908702614
2014-12-01,América. América del Sur. Total,1250.62537527539
2015-01-01,América. América del Sur. Total,918.73827177822
2015-02-01,América. América del Sur. Total,882.023148159123
2015-03-01,América. América del Sur. Total,1011.67308148035
2015-04-01,América. América del Sur. Total,963.564698998742
2015-05-01,América. América del Sur. Total,855.963285628822
2015-06-01,América. América del Sur. Total,1102.28714624362
2015-07-01,América. América del Sur. Total,1053.44463716098
2015-08-01,América. América del Sur. Total,894.256114399981
2015-09-01,América. América del Sur. Total,1005.32019322714
2015-10-01,América. América del Sur. Total,949.318650103828
2015-11-01,América. América del Sur. Total,978.74584430126
2015-12-01,América. América del Sur. Total,967.631874570669
2016-01-01,América. América del Sur. Total,737.727007202439
2016-02-01,América. América del Sur. Total,715.918968675311
2016-03-01,América. América del Sur. Total,916.533847629482
2016-04-01,América. América del Sur. Total,883.185392754286
2016-05-01,América. América del Sur. Total,937.974208608111
2016-06-01,América. América del Sur. Total,803.867938496348
2016-07-01,América. América del Sur. Total,871.972888783966
2016-08-01,América. América del Sur. Total,1118.13461460988
2016-09-01,América. América del Sur. Total,966.364212164017
2016-10-01,América. América del Sur. Total,965.175596629334
2016-11-01,América. América del Sur. Total,969.882009343689
2016-12-01,América. América del Sur. Total,1164.0815728186
2017-01-01,América. América del Sur. Total,1016.05425033508
2017-02-01,América. América del Sur. Total,1007.80187029377
2017-03-01,América. América del Sur. Total,1122.37100760431
2017-04-01,América. América del Sur. Total,1015.10907449675
2017-05-01,América. América del Sur. Total,1073.38532282073
2017-06-01,América. América del Sur. Total,1116.95499850983
2017-07-01,América. América del Sur. Total,980.863618126528
2017-08-01,América. América del Sur. Total,1179.11458953564
2017-09-01,América. América del Sur. Total,975.918237769983
2017-10-01,América. América del Sur. Total,1230.84980655452
2017-11-01,América. América del Sur. Total,1173.25065586708
2017-12-01,América. América del Sur. Total,1307.37350877651
2018-01-01,América. América del Sur. Total,1082.11223329312
2018-02-01,América. América del Sur. Total,1051.82967213899
2018-03-01,América. América del Sur. Total,1384.40916098484
2018-04-01,América. América del Sur. Total,1346.34445067924
2018-05-01,América. América del Sur. Total,1290.13852208858
2018-06-01,América. América del Sur. Total,1239.87891606387
2018-07-01,América. América del Sur. Total,1215.62265474203
2018-08-01,América. América del Sur. Total,1536.99659666436
2018-09-01,América. América del Sur. Total,1061.05541827236
2018-10-01,América. América del Sur. Total,1597.03989404425
2018-11-01,América. América del Sur. Total,1184.59159925764
2018-12-01,América. América del Sur. Total,1283.5782592839
2019-01-01,América. América del Sur. Total,1115.04266533099
2019-02-01,América. América del Sur. Total,1219.59993638526
2019-03-01,América. América del Sur. Total,1147.72133883566
2019-04-01,América. América del Sur. Total,1173.50957089236
2019-05-01,América. América del Sur. Total,1287.44904216459
2019-06-01,América. América del Sur. Total,1108.28358922178
2019-07-01,América. América del Sur. Total,1285.31500779834
2019-08-01,América. América del Sur. Total,1241.35450739295
2019-09-01,América. América del Sur. Total,1183.74693186976
2019-10-01,América. América del Sur. Total,1201.13444940985
2019-11-01,América. América del Sur. Total,1155.99264939882
2019-12-01,América. América del Sur. Total,1167.29290495206
2020-01-01,América. América del Sur. Total,1231.49474441242
2020-02-01,América. América del Sur. Total,1081.60585323352
2020-03-01,América. América del Sur. Total,929.812438069534
2020-04-01,América. América del Sur. Total,876.542995020319
2020-05-01,América. América del Sur. Total,732.427382737216
2020-06-01,América. América del Sur. Total,777.612798039424
2020-07-01,América. América del Sur. Total,931.058572596421
2020-08-01,América. América del Sur. Total,975.68315982884
2020-09-01,América. América del Sur. Total,1054.27244838568
2020-10-01,América. América del Sur. Total,1098.03099821976
2020-11-01,América. América del Sur. Total,1027.96336158089
2020-12-01,América. América del Sur. Total,1215.6001306521
2021-01-01,América. América del Sur. Total,1087.79909271473
2021-02-01,América. América del Sur. Total,1172.10895595101
2021-03-01,América. América del Sur. Total,1319.02035040883
2021-04-01,América. América del Sur. Total,1209.77350071528
2021-05-01,América. América del Sur. Total,1394.851302649
2021-06-01,América. América del Sur. Total,1442.08718150796
2021-07-01,América. América del Sur. Total,1549.8499217882
2021-08-01,América. América del Sur. Total,1850.29140801511
2021-09-01,América. América del Sur. Total,1894.61073893607
2021-10-01,América. América del Sur. Total,1927.53846251991
2021-11-01,América. América del Sur. Total,1729.57582513738
2021-12-01,América. América del Sur. Total,1975.53452935668
2022-01-01,América. América del Sur. Total,1674.5762782
2022-02-01,América. América del Sur. Total,1833.037906
2022-03-01,América. América del Sur. Total,1981.1558537
2022-04-01,América. América del Sur. Total,1844.2789213
2022-05-01,América. América del Sur. Total,1892.8744684
2022-06-01,América. América del Sur. Total,2200.5611091
2022-07-01,América. América del Sur. Total,1888.3482326
2022-08-01,América. América del Sur. Total,2095.5268119
2022-09-01,América. América del Sur. Total,2258.8969146
2022-10-01,América. América del Sur. Total,1833.9064102
2022-11-01,América. América del Sur. Total,2028.330107
2022-12-01,América. América del Sur. Total,1861.6834254
2023-01-01,América. América del Sur. Total,1675.8871209
2023-02-01,América. América del Sur. Total,1483.2631629
2023-03-01,América. América del Sur. Total,2123.4660664
2023-04-01,América. América del Sur. Total,1501.030884
2023-05-01,América. América del Sur. Total,1901.5546573
2023-06-01,América. América del Sur. Total,1525.7612603
2023-07-01,América. América del Sur. Total,1679.3016186
2023-08-01,América. América del Sur. Total,1849.0004986
2023-09-01,América. América del Sur. Total,1423.3508855
2023-10-01,América. América del Sur. Total,1830.3598262
2023-11-01,América. América del Sur. Total,1837.1341092
2023-12-01,América. América del Sur. Total,1502.0480034
2024-01-01,América. América del Sur. Total,1645.305452
2024-02-01,América. América del Sur. Total,1567.0295008
2024-03-01,América. América del Sur. Total,1580.4778815
2024-04-01,América. América del Sur. Total,1533.1802069
2024-05-01,América. América del Sur. Total,1912.9886711
2024-06-01,América. América del Sur. Total,1424.3644241
2024-07-01,América. América del Sur. Total,1917.1934895
2024-08-01,América. América del Sur. Total,1841.4537677
2024-09-01,América. América del Sur. Total,1488.6398292
2024-10-01,América. América del Sur. Total,1885.3840401
2024-11-01,América. América del Sur. Total,1571.0406471
2024-12-01,América. América del Sur. Total,1801.647412
2025-01-01,América. América del Sur. Total,1509.4881616
2025-02-01,América. América del Sur. Total,1678.0856698
2025-03-01,América. América del Sur. Total,1499.8513968
2025-04-01,América. América del Sur. Total,1617.7235456
2025-05-01,América. América del Sur. Total,1601.9425081
2025-06-01,América. América del Sur. Total,1759.9137854
2025-07-01,América. América del Sur. Total,1950.1917493
2025-08-01,América. América del Sur. Total,1553.6136716
2025-09-01,América. América del Sur. Total,1803.1477226
2025-10-01,América. América del Sur. Total,1779.7800541
2025-11-01,América. América del Sur. Total,1740.7094402
2025-12-01,América. América del Sur. Total,1815.2958669
2026-01-01,América. América del Sur. Total,1485.0291534
2026-02-01,América. América del Sur. Total,1633.4291411
2026-03-01,América. América del Sur. Total,1883.6907338
2026-04-01,América. América del Sur. Total,1972.5552717
2026-05-01,América. América del Sur. Total,1819.5498403
2026-06-01,América. América del Sur. Total,2102.4657308
2003-01-01,Total Importaciones America,979.58455168718
2003-02-01,Total Importaciones America,790.102910107514
2003-03-01,Total Importaciones America,766.029810700972
2003-04-01,Total Importaciones America,864.047462014035
2003-05-01,Total Importaciones America,884.645240901016
2003-06-01,Total Importaciones America,811.665333787597
2003-07-01,Total Importaciones America,929.420204296554
2003-08-01,Total Importaciones America,904.815946584866
2003-09-01,Total Importaciones America,866.612324697747
2003-10-01,Total Importaciones America,1021.28427496753
2003-11-01,Total Importaciones America,910.490528861627
2003-12-01,Total Importaciones America,870.432645612317
2004-01-01,Total Importaciones America,1032.54720717951
2004-02-01,Total Importaciones America,831.694681459349
2004-03-01,Total Importaciones America,1091.11831817934
2004-04-01,Total Importaciones America,1060.58635923735
2004-05-01,Total Importaciones America,1111.66167789602
2004-06-01,Total Importaciones America,985.553603907583
2004-07-01,Total Importaciones America,1182.80612697011
2004-08-01,Total Importaciones America,1121.40314605279
2004-09-01,Total Importaciones America,1179.92323153409
2004-10-01,Total Importaciones America,1303.56031849681
2004-11-01,Total Importaciones America,1149.89054082281
2004-12-01,Total Importaciones America,1218.28686364123
2005-01-01,Total Importaciones America,1219.01505144299
2005-02-01,Total Importaciones America,1180.51552802073
2005-03-01,Total Importaciones America,1418.86999707409
2005-04-01,Total Importaciones America,1389.50918908242
2005-05-01,Total Importaciones America,1529.46116746141
2005-06-01,Total Importaciones America,1293.7688818236
2005-07-01,Total Importaciones America,1645.94347195288
2005-08-01,Total Importaciones America,1425.43774521518
2005-09-01,Total Importaciones America,1596.80665225756
2005-10-01,Total Importaciones America,1644.90427962004
2005-11-01,Total Importaciones America,1576.73470576299
2005-12-01,Total Importaciones America,1382.0347421508
2006-01-01,Total Importaciones America,1554.51117893447
2006-02-01,Total Importaciones America,1305.3121200837
2006-03-01,Total Importaciones America,1668.72747244739
2006-04-01,Total Importaciones America,1357.33828197516
2006-05-01,Total Importaciones America,1885.9379491817
2006-06-01,Total Importaciones America,1750.30455786373
2006-07-01,Total Importaciones America,1646.49833421312
2006-08-01,Total Importaciones America,1678.78487319225
2006-09-01,Total Importaciones America,1680.86109160641
2006-10-01,Total Importaciones America,1742.75397649496
2006-11-01,Total Importaciones America,1837.51602784383
2006-12-01,Total Importaciones America,1620.55494368269
2007-01-01,Total Importaciones America,1540.38374478617
2007-02-01,Total Importaciones America,1598.61405316123
2007-03-01,Total Importaciones America,1916.1631083903
2007-04-01,Total Importaciones America,1695.36786868245
2007-05-01,Total Importaciones America,2077.374337485
2007-06-01,Total Importaciones America,1736.89929215459
2007-07-01,Total Importaciones America,2038.70026617214
2007-08-01,Total Importaciones America,2176.47856535173
2007-09-01,Total Importaciones America,1781.46616227603
2007-10-01,Total Importaciones America,2223.13567851847
2007-11-01,Total Importaciones America,2339.09547556706
2007-12-01,Total Importaciones America,2240.71278569961
2008-01-01,Total Importaciones America,2252.50989523429
2008-02-01,Total Importaciones America,2404.46660403863
2008-03-01,Total Importaciones America,2470.63776957042
2008-04-01,Total Importaciones America,2894.77476479962
2008-05-01,Total Importaciones America,2959.55008182124
2008-06-01,Total Importaciones America,3008.07620991912
2008-07-01,Total Importaciones America,3097.01219236648
2008-08-01,Total Importaciones America,3090.16600645068
2008-09-01,Total Importaciones America,2857.37785113605
2008-10-01,Total Importaciones America,2899.57037052718
2008-11-01,Total Importaciones America,2020.01277000564
2008-12-01,Total Importaciones America,1976.21890296126
2009-01-01,Total Importaciones America,1630.05176256984
2009-02-01,Total Importaciones America,1535.43924679911
2009-03-01,Total Importaciones America,1642.55109481868
2009-04-01,Total Importaciones America,1807.34403024081
2009-05-01,Total Importaciones America,1489.59931077476
2009-06-01,Total Importaciones America,1579.84852087526
2009-07-01,Total Importaciones America,2065.69450791776
2009-08-01,Total Importaciones America,1759.78058636966
2009-09-01,Total Importaciones America,1713.72610129707
2009-10-01,Total Importaciones America,2017.10180491434
2009-11-01,Total Importaciones America,2091.58466296756
2009-12-01,Total Importaciones America,2283.82444463757
2010-01-01,Total Importaciones America,1851.0449856625
2010-02-01,Total Importaciones America,1972.45805829495
2010-03-01,Total Importaciones America,2145.79717558814
2010-04-01,Total Importaciones America,2308.36608952057
2010-05-01,Total Importaciones America,2387.66147753675
2010-06-01,Total Importaciones America,2201.40051236385
2010-07-01,Total Importaciones America,2484.34565474475
2010-08-01,Total Importaciones America,2316.00494590352
2010-09-01,Total Importaciones America,2297.47196400654
2010-10-01,Total Importaciones America,2488.13220767229
2010-11-01,Total Importaciones America,2475.63560465518
2010-12-01,Total Importaciones America,2531.99006152978
2011-01-01,Total Importaciones America,2415.43484082787
2011-02-01,Total Importaciones America,2512.54075166938
2011-03-01,Total Importaciones America,3211.28352966751
2011-04-01,Total Importaciones America,2918.68758009875
2011-05-01,Total Importaciones America,3421.88360652464
2011-06-01,Total Importaciones America,2973.35499990225
2011-07-01,Total Importaciones America,3299.50647388717
2011-08-01,Total Importaciones America,3316.07299796444
2011-09-01,Total Importaciones America,3470.58608600375
2011-10-01,Total Importaciones America,2855.89048577398
2011-11-01,Total Importaciones America,3556.36797490407
2011-12-01,Total Importaciones America,3198.13580498103
2012-01-01,Total Importaciones America,3053.82235709047
2012-02-01,Total Importaciones America,3097.11399502471
2012-03-01,Total Importaciones America,3627.06588485968
2012-04-01,Total Importaciones America,3244.62372784561
2012-05-01,Total Importaciones America,3732.80586671179
2012-06-01,Total Importaciones America,3232.13070975902
2012-07-01,Total Importaciones America,3355.92026527472
2012-08-01,Total Importaciones America,3867.18714939447
2012-09-01,Total Importaciones America,3371.9840312151
2012-10-01,Total Importaciones America,4387.10254702238
2012-11-01,Total Importaciones America,3414.91851497702
2012-12-01,Total Importaciones America,3381.14117573641
2013-01-01,Total Importaciones America,3490.89397627536
2013-02-01,Total Importaciones America,2950.89258070015
2013-03-01,Total Importaciones America,2852.52780039519
2013-04-01,Total Importaciones America,3579.60600220822
2013-05-01,Total Importaciones America,3338.16675840361
2013-06-01,Total Importaciones America,2864.3213409928
2013-07-01,Total Importaciones America,3316.3519008814
2013-08-01,Total Importaciones America,3355.53406072797
2013-09-01,Total Importaciones America,3007.50849655947
2013-10-01,Total Importaciones America,3297.95965235458
2013-11-01,Total Importaciones America,2825.8672932972
2013-12-01,Total Importaciones America,2757.85732794774
2014-01-01,Total Importaciones America,2877.29992829553
2014-02-01,Total Importaciones America,2822.42372952572
2014-03-01,Total Importaciones America,2973.41812844092
2014-04-01,Total Importaciones America,3223.94746067047
2014-05-01,Total Importaciones America,2606.56624356666
2014-06-01,Total Importaciones America,2716.79958498541
2014-07-01,Total Importaciones America,3234.2317777556
2014-08-01,Total Importaciones America,2941.53840371705
2014-09-01,Total Importaciones America,2794.1224624231
2014-10-01,Total Importaciones America,2968.07779750677
2014-11-01,Total Importaciones America,2475.63660389919
2014-12-01,Total Importaciones America,2797.65022645047
2015-01-01,Total Importaciones America,2247.24508174315
2015-02-01,Total Importaciones America,2120.65799784278
2015-03-01,Total Importaciones America,2476.11814408677
2015-04-01,Total Importaciones America,2324.31601794723
2015-05-01,Total Importaciones America,2144.12461710482
2015-06-01,Total Importaciones America,2478.9504597485
2015-07-01,Total Importaciones America,2486.70601582001
2015-08-01,Total Importaciones America,2323.44402529115
2015-09-01,Total Importaciones America,2231.10753992576
2015-10-01,Total Importaciones America,2275.71877632448
2015-11-01,Total Importaciones America,2118.45071162904
2015-12-01,Total Importaciones America,2304.33636304723
2016-01-01,Total Importaciones America,1859.42015975659
2016-02-01,Total Importaciones America,1694.12121244907
2016-03-01,Total Importaciones America,2107.64996817894
2016-04-01,Total Importaciones America,1942.52445140454
2016-05-01,Total Importaciones America,2070.34885031275
2016-06-01,Total Importaciones America,2022.16259819264
2016-07-01,Total Importaciones America,2039.01578563511
2016-08-01,Total Importaciones America,2368.54218846707
2016-09-01,Total Importaciones America,2192.95988368373
2016-10-01,Total Importaciones America,2190.4253821686
2016-11-01,Total Importaciones America,2102.0459149656
2016-12-01,Total Importaciones America,2352.98240789655
2017-01-01,Total Importaciones America,2276.92438058785
2017-02-01,Total Importaciones America,2128.14596874045
2017-03-01,Total Importaciones America,2527.1405705612
2017-04-01,Total Importaciones America,2188.53729873434
2017-05-01,Total Importaciones America,2315.91405397389
2017-06-01,Total Importaciones America,2471.35481734437
2017-07-01,Total Importaciones America,2246.25749724279
2017-08-01,Total Importaciones America,2625.70320225461
2017-09-01,Total Importaciones America,2165.81410517683
2017-10-01,Total Importaciones America,2593.96098004464
2017-11-01,Total Importaciones America,2585.70677113121
2017-12-01,Total Importaciones America,2736.13433512787
2018-01-01,Total Importaciones America,2479.41336903097
2018-02-01,Total Importaciones America,2418.10774983696
2018-03-01,Total Importaciones America,2810.84636264386
2018-04-01,Total Importaciones America,2778.48614326956
2018-05-01,Total Importaciones America,2955.85171024252
2018-06-01,Total Importaciones America,2947.50333321855
2018-07-01,Total Importaciones America,2634.88666500349
2018-08-01,Total Importaciones America,3100.92078568666
2018-09-01,Total Importaciones America,2551.82219459561
2018-10-01,Total Importaciones America,3367.77121871207
2018-11-01,Total Importaciones America,2773.72838918379
2018-12-01,Total Importaciones America,2789.56607193282
2019-01-01,Total Importaciones America,2359.61238448957
2019-02-01,Total Importaciones America,2459.01773193348
2019-03-01,Total Importaciones America,2684.2089387416
2019-04-01,Total Importaciones America,2553.98409497319
2019-05-01,Total Importaciones America,2853.27148606472
2019-06-01,Total Importaciones America,2424.49365975025
2019-07-01,Total Importaciones America,2742.94738742505
2019-08-01,Total Importaciones America,2728.86440412344
2019-09-01,Total Importaciones America,2531.26118249303
2019-10-01,Total Importaciones America,2660.5386385308
2019-11-01,Total Importaciones America,2623.56055322338
2019-12-01,Total Importaciones America,2600.5432778035
2020-01-01,Total Importaciones America,2587.13786708327
2020-02-01,Total Importaciones America,2164.30104919002
2020-03-01,Total Importaciones America,2279.54028280382
2020-04-01,Total Importaciones America,1918.33751760858
2020-05-01,Total Importaciones America,1615.76713497256
2020-06-01,Total Importaciones America,1712.03788861028
2020-07-01,Total Importaciones America,2110.08838026429
2020-08-01,Total Importaciones America,1987.78620827477
2020-09-01,Total Importaciones America,2090.55387621929
2020-10-01,Total Importaciones America,2261.89401192512
2020-11-01,Total Importaciones America,2079.08481438626
2020-12-01,Total Importaciones America,2465.59007244376
2021-01-01,Total Importaciones America,2329.14055658329
2021-02-01,Total Importaciones America,2608.39596154053
2021-03-01,Total Importaciones America,3096.98010469041
2021-04-01,Total Importaciones America,2858.5826342902
2021-05-01,Total Importaciones America,2972.96951559505
2021-06-01,Total Importaciones America,3069.35185427174
2021-07-01,Total Importaciones America,3468.19117703953
2021-08-01,Total Importaciones America,3748.40005171279
2021-09-01,Total Importaciones America,3638.18902431
2021-10-01,Total Importaciones America,3784.66093776769
2021-11-01,Total Importaciones America,3552.07020165828
2021-12-01,Total Importaciones America,3932.28659820091
2022-01-01,Total Importaciones America,3349.6083728
2022-02-01,Total Importaciones America,3602.9105544
2022-03-01,Total Importaciones America,3986.4771783
2022-04-01,Total Importaciones America,3955.6449896
2022-05-01,Total Importaciones America,4631.2107256
2022-06-01,Total Importaciones America,4951.2450764
2022-07-01,Total Importaciones America,4182.0747334
2022-08-01,Total Importaciones America,4907.5365742
2022-09-01,Total Importaciones America,4324.612119
2022-10-01,Total Importaciones America,3958.7681061
2022-11-01,Total Importaciones America,4264.0942287
2022-12-01,Total Importaciones America,3514.1725011
2023-01-01,Total Importaciones America,3059.3593693
2023-02-01,Total Importaciones America,3263.2893889
2023-03-01,Total Importaciones America,3974.1662856
2023-04-01,Total Importaciones America,3420.2093354
2023-05-01,Total Importaciones America,3742.7788978
2023-06-01,Total Importaciones America,3211.7976471
2023-07-01,Total Importaciones America,3452.5627138
2023-08-01,Total Importaciones America,3679.8564339
2023-09-01,Total Importaciones America,3167.2037525
2023-10-01,Total Importaciones America,3575.8586383
2023-11-01,Total Importaciones America,3331.3094057
2023-12-01,Total Importaciones America,2901.5175663
2024-01-01,Total Importaciones America,3219.7502292
2024-02-01,Total Importaciones America,3133.1890891
2024-03-01,Total Importaciones America,3108.6167337
2024-04-01,Total Importaciones America,3514.4544083
2024-05-01,Total Importaciones America,3538.6829957
2024-06-01,Total Importaciones America,2812.8090049
2024-07-01,Total Importaciones America,3882.1586433
2024-08-01,Total Importaciones America,3498.1849761
2024-09-01,Total Importaciones America,2852.8300284
2024-10-01,Total Importaciones America,3593.7025437
2024-11-01,Total Importaciones America,2991.9741518
2024-12-01,Total Importaciones America,3420.4097073
2025-01-01,Total Importaciones America,3360.189067
2025-02-01,Total Importaciones America,3009.034443
2025-03-01,Total Importaciones America,3217.7929815
2025-04-01,Total Importaciones America,3633.6642647
2025-05-01,Total Importaciones America,3204.9720844
2025-06-01,Total Importaciones America,3375.3166434
2025-07-01,Total Importaciones America,3955.5144328
2025-08-01,Total Importaciones America,2979.4500108
2025-09-01,Total Importaciones America,3382.3344533
2025-10-01,Total Importaciones America,3385.9266131
2025-11-01,Total Importaciones America,3204.5942276
2025-12-01,Total Importaciones America,3367.4642095
2026-01-01,Total Importaciones America,2936.6469963
2026-02-01,Total Importaciones America,2967.9063988
2026-03-01,Total Importaciones America,3690.0744844
2026-04-01,Total Importaciones America,4039.0285281
2026-05-01,Total Importaciones America,3593.1693997
2026-06-01,Total Importaciones America,3934.6861447
2003-01-01,Europa. Total,292.438832695005
2003-02-01,Europa. Total,249.758094061189
2003-03-01,Europa. Total,316.945625615459
2003-04-01,Europa. Total,383.951677354345
2003-05-01,Europa. Total,328.858960494949
2003-06-01,Europa. Total,312.805960713981
2003-07-01,Europa. Total,289.019471819719
2003-08-01,Europa. Total,291.610004275274
2003-09-01,Europa. Total,265.408116249956
2003-10-01,Europa. Total,266.217089541728
2003-11-01,Europa. Total,254.024814999608
2003-12-01,Europa. Total,320.520301794782
2004-01-01,Europa. Total,294.287084825276
2004-02-01,Europa. Total,248.185292086479
2004-03-01,Europa. Total,349.127657164739
2004-04-01,Europa. Total,322.849830794562
2004-05-01,Europa. Total,313.031407201732
2004-06-01,Europa. Total,341.548226785081
2004-07-01,Europa. Total,344.210174949101
2004-08-01,Europa. Total,337.698666849582
2004-09-01,Europa. Total,364.777255739561
2004-10-01,Europa. Total,332.21170209529
2004-11-01,Europa. Total,292.871593140384
2004-12-01,Europa. Total,413.908666848873
2005-01-01,Europa. Total,394.344039261436
2005-02-01,Europa. Total,412.871051067406
2005-03-01,Europa. Total,425.75799103486
2005-04-01,Europa. Total,484.098414112639
2005-05-01,Europa. Total,462.570894707772
2005-06-01,Europa. Total,510.661187015822
2005-07-01,Europa. Total,515.514498779286
2005-08-01,Europa. Total,471.531033186532
2005-09-01,Europa. Total,471.709331840462
2005-10-01,Europa. Total,501.754286618604
2005-11-01,Europa. Total,482.410439481831
2005-12-01,Europa. Total,440.275500579672
2006-01-01,Europa. Total,483.173776783471
2006-02-01,Europa. Total,382.144206153676
2006-03-01,Europa. Total,502.816492846171
2006-04-01,Europa. Total,427.165867974221
2006-05-01,Europa. Total,502.327616908893
2006-06-01,Europa. Total,461.592948131862
2006-07-01,Europa. Total,521.035262393344
2006-08-01,Europa. Total,622.172790573094
2006-09-01,Europa. Total,593.520641116183
2006-10-01,Europa. Total,437.430830783321
2006-11-01,Europa. Total,542.406582144324
2006-12-01,Europa. Total,537.02458154714
2007-01-01,Europa. Total,494.683620865074
2007-02-01,Europa. Total,487.59830607614
2007-03-01,Europa. Total,612.699141766457
2007-04-01,Europa. Total,576.755547589436
2007-05-01,Europa. Total,668.274261488463
2007-06-01,Europa. Total,764.497760209021
2007-07-01,Europa. Total,559.172716061356
2007-08-01,Europa. Total,687.502623243368
2007-09-01,Europa. Total,606.382470799456
2007-10-01,Europa. Total,758.741173565818
2007-11-01,Europa. Total,615.797725919018
2007-12-01,Europa. Total,689.464122124
2008-01-01,Europa. Total,799.817920161743
2008-02-01,Europa. Total,688.689226381755
2008-03-01,Europa. Total,631.49007518012
2008-04-01,Europa. Total,855.908877489818
2008-05-01,Europa. Total,785.685825759373
2008-06-01,Europa. Total,732.748958233383
2008-07-01,Europa. Total,950.117904197354
2008-08-01,Europa. Total,888.059283073157
2008-09-01,Europa. Total,826.954493088428
2008-10-01,Europa. Total,886.351108679961
2008-11-01,Europa. Total,586.869492979649
2008-12-01,Europa. Total,603.803285077668
2009-01-01,Europa. Total,631.475359068996
2009-02-01,Europa. Total,447.668559121348
2009-03-01,Europa. Total,535.45113906502
2009-04-01,Europa. Total,638.049868100405
2009-05-01,Europa. Total,517.045701412998
2009-06-01,Europa. Total,636.659539582908
2009-07-01,Europa. Total,761.716421287564
2009-08-01,Europa. Total,619.441996328775
2009-09-01,Europa. Total,506.886112857367
2009-10-01,Europa. Total,650.022450167186
2009-11-01,Europa. Total,686.345034620583
2009-12-01,Europa. Total,648.001795110564
2010-01-01,Europa. Total,718.641224516589
2010-02-01,Europa. Total,612.424091766555
2010-03-01,Europa. Total,621.167091731384
2010-04-01,Europa. Total,594.517886089702
2010-05-01,Europa. Total,617.501869017904
2010-06-01,Europa. Total,653.936497828229
2010-07-01,Europa. Total,681.969042062665
2010-08-01,Europa. Total,787.920817994289
2010-09-01,Europa. Total,669.105601722568
2010-10-01,Europa. Total,890.419417141214
2010-11-01,Europa. Total,825.660164649888
2010-12-01,Europa. Total,819.70528053245
2011-01-01,Europa. Total,758.967337896701
2011-02-01,Europa. Total,764.410767989493
2011-03-01,Europa. Total,1003.977571461
2011-04-01,Europa. Total,1047.64239489779
2011-05-01,Europa. Total,892.504275873839
2011-06-01,Europa. Total,1057.40622071257
2011-07-01,Europa. Total,863.097916686209
2011-08-01,Europa. Total,892.196339578386
2011-09-01,Europa. Total,886.451159788949
2011-10-01,Europa. Total,866.948901897751
2011-11-01,Europa. Total,955.111245977529
2011-12-01,Europa. Total,1038.65609986257
2012-01-01,Europa. Total,851.691424436227
2012-02-01,Europa. Total,729.231459933192
2012-03-01,Europa. Total,956.912327562701
2012-04-01,Europa. Total,867.935170445035
2012-05-01,Europa. Total,975.025451478637
2012-06-01,Europa. Total,758.587872098605
2012-07-01,Europa. Total,1001.00624997496
2012-08-01,Europa. Total,1135.96177890398
2012-09-01,Europa. Total,980.87100647966
2012-10-01,Europa. Total,1153.03549489256
2012-11-01,Europa. Total,1050.24875934027
2012-12-01,Europa. Total,1033.85343144017
2013-01-01,Europa. Total,1137.41181525955
2013-02-01,Europa. Total,1016.62887566848
2013-03-01,Europa. Total,1176.87146340059
2013-04-01,Europa. Total,1143.4925335424
2013-05-01,Europa. Total,1470.50700158706
2013-06-01,Europa. Total,1077.37288725328
2013-07-01,Europa. Total,1269.77636882519
2013-08-01,Europa. Total,1267.19310192652
2013-09-01,Europa. Total,990.748810297493
2013-10-01,Europa. Total,1018.33056668003
2013-11-01,Europa. Total,1056.6770057651
2013-12-01,Europa. Total,1172.3921909813
2014-01-01,Europa. Total,1063.48305538452
2014-02-01,Europa. Total,798.358267805091
2014-03-01,Europa. Total,1169.49455217432
2014-04-01,Europa. Total,958.352866578855
2014-05-01,Europa. Total,1035.39937778071
2014-06-01,Europa. Total,1050.6620680945
2014-07-01,Europa. Total,1058.08371855332
2014-08-01,Europa. Total,827.321999747359
2014-09-01,Europa. Total,859.84495001887
2014-10-01,Europa. Total,811.261812388547
2014-11-01,Europa. Total,975.205430806119
2014-12-01,Europa. Total,1292.75454500778
2015-01-01,Europa. Total,819.745183884282
2015-02-01,Europa. Total,734.959490579147
2015-03-01,Europa. Total,800.434998410971
2015-04-01,Europa. Total,891.952827304453
2015-05-01,Europa. Total,713.183875679173
2015-06-01,Europa. Total,795.348070720893
2015-07-01,Europa. Total,986.719056325216
2015-08-01,Europa. Total,825.374655283099
2015-09-01,Europa. Total,918.042352445061
2015-10-01,Europa. Total,922.617705366322
2015-11-01,Europa. Total,830.544223578199
2015-12-01,Europa. Total,1155.00122872755
2016-01-01,Europa. Total,740.472387223397
2016-02-01,Europa. Total,854.147464237354
2016-03-01,Europa. Total,1104.15505865156
2016-04-01,Europa. Total,961.735579415624
2016-05-01,Europa. Total,988.903657251284
2016-06-01,Europa. Total,741.34826510239
2016-07-01,Europa. Total,874.114927540274
2016-08-01,Europa. Total,986.556533165635
2016-09-01,Europa. Total,791.445178479436
2016-10-01,Europa. Total,795.435673441175
2016-11-01,Europa. Total,939.803907012022
2016-12-01,Europa. Total,1053.60094633449
2017-01-01,Europa. Total,785.521314953417
2017-02-01,Europa. Total,673.727115502459
2017-03-01,Europa. Total,1005.00855897922
2017-04-01,Europa. Total,773.60319732111
2017-05-01,Europa. Total,825.581542120654
2017-06-01,Europa. Total,885.893695273287
2017-07-01,Europa. Total,827.5496773027
2017-08-01,Europa. Total,964.661790291718
2017-09-01,Europa. Total,939.315206399848
2017-10-01,Europa. Total,854.045779247098
2017-11-01,Europa. Total,976.877339624936
2017-12-01,Europa. Total,941.253823472572
2018-01-01,Europa. Total,896.222784261575
2018-02-01,Europa. Total,771.861773674799
2018-03-01,Europa. Total,1059.32975581012
2018-04-01,Europa. Total,996.32837376543
2018-05-01,Europa. Total,1141.20423352865
2018-06-01,Europa. Total,953.374276571962
2018-07-01,Europa. Total,948.2584638928
2018-08-01,Europa. Total,1101.53275559497
2018-09-01,Europa. Total,1045.4485280642
2018-10-01,Europa. Total,1167.96721237789
2018-11-01,Europa. Total,933.963802642793
2018-12-01,Europa. Total,1024.69837770157
2019-01-01,Europa. Total,1025.2144896621
2019-02-01,Europa. Total,815.184476996013
2019-03-01,Europa. Total,1038.61704394917
2019-04-01,Europa. Total,1105.08317931077
2019-05-01,Europa. Total,1012.78061005946
2019-06-01,Europa. Total,871.115595508939
2019-07-01,Europa. Total,1069.94121758942
2019-08-01,Europa. Total,1043.66562466933
2019-09-01,Europa. Total,974.590757459522
2019-10-01,Europa. Total,1028.99488927506
2019-11-01,Europa. Total,977.614405727745
2019-12-01,Europa. Total,1206.06151831842
2020-01-01,Europa. Total,875.85018530367
2020-02-01,Europa. Total,688.665640094976
2020-03-01,Europa. Total,860.171324022279
2020-04-01,Europa. Total,816.528832212824
2020-05-01,Europa. Total,777.371502997289
2020-06-01,Europa. Total,777.724146848056
2020-07-01,Europa. Total,833.435765011336
2020-08-01,Europa. Total,896.928638159738
2020-09-01,Europa. Total,827.668639574668
2020-10-01,Europa. Total,809.981619676735
2020-11-01,Europa. Total,793.184055103105
2020-12-01,Europa. Total,990.252926759814
2021-01-01,Europa. Total,831.24692991151
2021-02-01,Europa. Total,925.133827162615
2021-03-01,Europa. Total,1207.33041329903
2021-04-01,Europa. Total,1109.11254710006
2021-05-01,Europa. Total,1161.99485110009
2021-06-01,Europa. Total,1073.77562232794
2021-07-01,Europa. Total,1161.45037610093
2021-08-01,Europa. Total,1138.33548420405
2021-09-01,Europa. Total,1132.45625810715
2021-10-01,Europa. Total,1217.3567596585
2021-11-01,Europa. Total,1219.17479814116
2021-12-01,Europa. Total,1220.64458392675
2022-01-01,Europa. Total,960.28833021
2022-02-01,Europa. Total,1177.2848526
2022-03-01,Europa. Total,1201.4778203
2022-04-01,Europa. Total,1203.5440115
2022-05-01,Europa. Total,1291.1609322
2022-06-01,Europa. Total,1186.3431448
2022-07-01,Europa. Total,1073.0889634
2022-08-01,Europa. Total,1126.2511069
2022-09-01,Europa. Total,1160.6507206
2022-10-01,Europa. Total,998.49344435
2022-11-01,Europa. Total,1156.3451004
2022-12-01,Europa. Total,1112.3995581
2023-01-01,Europa. Total,1032.7786992
2023-02-01,Europa. Total,1069.0913048
2023-03-01,Europa. Total,1056.1584285
2023-04-01,Europa. Total,1018.0040951
2023-05-01,Europa. Total,1066.7289391
2023-06-01,Europa. Total,1030.6652837
2023-07-01,Europa. Total,1045.9412715
2023-08-01,Europa. Total,1143.1313959
2023-09-01,Europa. Total,1075.6323255
2023-10-01,Europa. Total,996.70983695
2023-11-01,Europa. Total,942.19567822
2023-12-01,Europa. Total,928.00768168
2024-01-01,Europa. Total,1066.0017788
2024-02-01,Europa. Total,799.48403655
2024-03-01,Europa. Total,1017.7242192
2024-04-01,Europa. Total,1062.8846504
2024-05-01,Europa. Total,1045.6028841
2024-06-01,Europa. Total,957.20836481
2024-07-01,Europa. Total,1086.6951881
2024-08-01,Europa. Total,994.48239161
2024-09-01,Europa. Total,1084.2047466
2024-10-01,Europa. Total,1097.5018752
2024-11-01,Europa. Total,1042.7415916
2024-12-01,Europa. Total,1194.6473833
2025-01-01,Europa. Total,1047.3582898
2025-02-01,Europa. Total,846.44383001
2025-03-01,Europa. Total,1112.2489062
2025-04-01,Europa. Total,1131.3082103
2025-05-01,Europa. Total,1305.6478101
2025-06-01,Europa. Total,1276.9215981
2025-07-01,Europa. Total,1191.6411914
2025-08-01,Europa. Total,1178.9994439
2025-09-01,Europa. Total,1226.0220576
2025-10-01,Europa. Total,1320.6670826
2025-11-01,Europa. Total,1073.1726262
2025-12-01,Europa. Total,1291.3168183
2026-01-01,Europa. Total,1103.3785799
2026-02-01,Europa. Total,994.44174404
2026-03-01,Europa. Total,1289.250152
2026-04-01,Europa. Total,1163.0190415
2026-05-01,Europa. Total,1086.1594575
2026-06-01,Europa. Total,1103.0823036
2003-01-01,Asia. Total,355.497403089697
2003-02-01,Asia. Total,275.071034213387
2003-03-01,Asia. Total,242.464392766906
2003-04-01,Asia. Total,307.002693035645
2003-05-01,Asia. Total,338.847682301449
2003-06-01,Asia. Total,266.648746373679
2003-07-01,Asia. Total,353.413128736496
2003-08-01,Asia. Total,376.432922140485
2003-09-01,Asia. Total,351.135072538383
2003-10-01,Asia. Total,402.068463112875
2003-11-01,Asia. Total,382.300356606228
2003-12-01,Asia. Total,362.295725195528
2004-01-01,Asia. Total,365.735206144929
2004-02-01,Asia. Total,331.599904841294
2004-03-01,Asia. Total,373.303594030076
2004-04-01,Asia. Total,372.079041831852
2004-05-01,Asia. Total,441.350716577436
2004-06-01,Asia. Total,362.898744065678
2004-07-01,Asia. Total,483.199093161162
2004-08-01,Asia. Total,484.220471238384
2004-09-01,Asia. Total,495.629710137122
2004-10-01,Asia. Total,560.161878159775
2004-11-01,Asia. Total,500.92034627496
2004-12-01,Asia. Total,504.91897067751
2005-01-01,Asia. Total,528.865782828511
2005-02-01,Asia. Total,430.811457663408
2005-03-01,Asia. Total,590.100932599378
2005-04-01,Asia. Total,450.415190581817
2005-05-01,Asia. Total,494.493914526191
2005-06-01,Asia. Total,501.704066773043
2005-07-01,Asia. Total,561.660046640358
2005-08-01,Asia. Total,649.370501743112
2005-09-01,Asia. Total,628.690397057108
2005-10-01,Asia. Total,684.59863859424
2005-11-01,Asia. Total,695.333263741536
2005-12-01,Asia. Total,640.4634503931
2006-01-01,Asia. Total,694.540875322534
2006-02-01,Asia. Total,585.258087459014
2006-03-01,Asia. Total,703.7510857549
2006-04-01,Asia. Total,568.696209876617
2006-05-01,Asia. Total,754.116738086772
2006-06-01,Asia. Total,699.996871923718
2006-07-01,Asia. Total,704.958715850771
2006-08-01,Asia. Total,926.855554167571
2006-09-01,Asia. Total,872.384144945011
2006-10-01,Asia. Total,941.800624909229
2006-11-01,Asia. Total,909.081723964126
2006-12-01,Asia. Total,808.419512731278
2007-01-01,Asia. Total,813.444773591928
2007-02-01,Asia. Total,818.078356281721
2007-03-01,Asia. Total,943.53516329936
2007-04-01,Asia. Total,936.119786245344
2007-05-01,Asia. Total,1029.05365352248
2007-06-01,Asia. Total,997.509800073733
2007-07-01,Asia. Total,1057.42997555137
2007-08-01,Asia. Total,1261.98298384169
2007-09-01,Asia. Total,1218.34677580151
2007-10-01,Asia. Total,1482.30427873734
2007-11-01,Asia. Total,1437.86275161673
2007-12-01,Asia. Total,1134.91838355328
2008-01-01,Asia. Total,1257.00545837004
2008-02-01,Asia. Total,1267.94573189124
2008-03-01,Asia. Total,1268.12633190728
2008-04-01,Asia. Total,1511.03552572426
2008-05-01,Asia. Total,1360.6929654551
2008-06-01,Asia. Total,1235.0534335071
2008-07-01,Asia. Total,1726.57324628592
2008-08-01,Asia. Total,1553.62634800412
2008-09-01,Asia. Total,1692.65118875204
2008-10-01,Asia. Total,1705.20479440385
2008-11-01,Asia. Total,1270.86167889353
2008-12-01,Asia. Total,1223.09804485831
2009-01-01,Asia. Total,980.816325506678
2009-02-01,Asia. Total,835.686638542919
2009-03-01,Asia. Total,784.678054949507
2009-04-01,Asia. Total,860.695477372551
2009-05-01,Asia. Total,784.561284898158
2009-06-01,Asia. Total,781.58202950551
2009-07-01,Asia. Total,948.33964492012
2009-08-01,Asia. Total,898.458269722041
2009-09-01,Asia. Total,1032.80212223368
2009-10-01,Asia. Total,1183.05737561968
2009-11-01,Asia. Total,1237.30125289555
2009-12-01,Asia. Total,1269.3472486877
2010-01-01,Asia. Total,1339.82113884529
2010-02-01,Asia. Total,1108.30738176431
2010-03-01,Asia. Total,1474.87602651807
2010-04-01,Asia. Total,1428.31257820873
2010-05-01,Asia. Total,1558.83123815424
2010-06-01,Asia. Total,1411.80943281802
2010-07-01,Asia. Total,1792.63342101805
2010-08-01,Asia. Total,1860.37098778127
2010-09-01,Asia. Total,1789.43133630748
2010-10-01,Asia. Total,1731.29828834605
2010-11-01,Asia. Total,1742.60301930659
2010-12-01,Asia. Total,1801.95762924169
2011-01-01,Asia. Total,1594.62353448998
2011-02-01,Asia. Total,1637.73182233258
2011-03-01,Asia. Total,1824.14743481073
2011-04-01,Asia. Total,1543.35429264472
2011-05-01,Asia. Total,1560.81489523985
2011-06-01,Asia. Total,1607.52025608511
2011-07-01,Asia. Total,1919.25284651699
2011-08-01,Asia. Total,2241.18573019445
2011-09-01,Asia. Total,2095.70101283671
2011-10-01,Asia. Total,1897.27024645588
2011-11-01,Asia. Total,1896.30925858863
2011-12-01,Asia. Total,1709.94012745175
2012-01-01,Asia. Total,1740.12726819882
2012-02-01,Asia. Total,1796.6057592844
2012-03-01,Asia. Total,1493.87142924381
2012-04-01,Asia. Total,1659.8446770588
2012-05-01,Asia. Total,1960.58356518189
2012-06-01,Asia. Total,1893.21489592253
2012-07-01,Asia. Total,2002.53831238805
2012-08-01,Asia. Total,2273.39862792989
2012-09-01,Asia. Total,1873.32153006841
2012-10-01,Asia. Total,2528.58249850712
2012-11-01,Asia. Total,1825.04224422412
2012-12-01,Asia. Total,1822.86748112679
2013-01-01,Asia. Total,2074.87461895817
2013-02-01,Asia. Total,1943.77821947528
2013-03-01,Asia. Total,1801.1018135275
2013-04-01,Asia. Total,1845.80544619239
2013-05-01,Asia. Total,2024.4918161162
2013-06-01,Asia. Total,1934.19612872073
2013-07-01,Asia. Total,2135.39054108168
2013-08-01,Asia. Total,2204.47723327475
2013-09-01,Asia. Total,1973.1200215836
2013-10-01,Asia. Total,2558.99691595838
2013-11-01,Asia. Total,1911.23906782936
2013-12-01,Asia. Total,2005.95911016
2014-01-01,Asia. Total,2064.23833068966
2014-02-01,Asia. Total,1918.4053438366
2014-03-01,Asia. Total,1648.38894686885
2014-04-01,Asia. Total,1765.14870022189
2014-05-01,Asia. Total,1885.54220250855
2014-06-01,Asia. Total,1803.7540384042
2014-07-01,Asia. Total,1987.24899717584
2014-08-01,Asia. Total,2017.84898787037
2014-09-01,Asia. Total,1976.40641560188
2014-10-01,Asia. Total,2069.15055555145
2014-11-01,Asia. Total,1989.37955484315
2014-12-01,Asia. Total,1878.64510295828
2015-01-01,Asia. Total,1872.94495063412
2015-02-01,Asia. Total,1792.50059499966
2015-03-01,Asia. Total,1997.82379757803
2015-04-01,Asia. Total,1721.78717977128
2015-05-01,Asia. Total,1557.82425203959
2015-06-01,Asia. Total,1624.66698455543
2015-07-01,Asia. Total,2019.9174347231
2015-08-01,Asia. Total,2053.27338334169
2015-09-01,Asia. Total,2039.71092271075
2015-10-01,Asia. Total,2135.54635844776
2015-11-01,Asia. Total,1733.63360676685
2015-12-01,Asia. Total,1762.6832729136
2016-01-01,Asia. Total,1759.1312585736
2016-02-01,Asia. Total,1626.73401505919
2016-03-01,Asia. Total,1671.35892976789
2016-04-01,Asia. Total,1525.91835620208
2016-05-01,Asia. Total,1647.11042043635
2016-06-01,Asia. Total,1670.58788406052
2016-07-01,Asia. Total,1911.20013830913
2016-08-01,Asia. Total,2052.14807785111
2016-09-01,Asia. Total,1918.91588193874
2016-10-01,Asia. Total,1893.34514054986
2016-11-01,Asia. Total,1941.59747674735
2016-12-01,Asia. Total,1891.91930584822
2017-01-01,Asia. Total,1921.94504537655
2017-02-01,Asia. Total,1751.97978311443
2017-03-01,Asia. Total,1869.27212077232
2017-04-01,Asia. Total,1693.63292119154
2017-05-01,Asia. Total,1827.44950093108
2017-06-01,Asia. Total,2072.62391876224
2017-07-01,Asia. Total,2069.80505174679
2017-08-01,Asia. Total,2169.43983029865
2017-09-01,Asia. Total,2072.24308960092
2017-10-01,Asia. Total,2104.03049208637
2017-11-01,Asia. Total,2147.1000632365
2017-12-01,Asia. Total,1972.41909913263
2018-01-01,Asia. Total,2155.08985184553
2018-02-01,Asia. Total,2033.3112778859
2018-03-01,Asia. Total,2195.69304183209
2018-04-01,Asia. Total,1799.97278140244
2018-05-01,Asia. Total,2124.83822817478
2018-06-01,Asia. Total,2223.00331931459
2018-07-01,Asia. Total,2319.36842591587
2018-08-01,Asia. Total,2516.64334642332
2018-09-01,Asia. Total,2091.06481258929
2018-10-01,Asia. Total,2544.57465560382
2018-11-01,Asia. Total,1978.1803253872
2018-12-01,Asia. Total,2135.41198526693
2019-01-01,Asia. Total,2279.62353824072
2019-02-01,Asia. Total,2171.64909304534
2019-03-01,Asia. Total,1981.74401215997
2019-04-01,Asia. Total,1831.68800831015
2019-05-01,Asia. Total,2171.05270992764
2019-06-01,Asia. Total,1855.55502412086
2019-07-01,Asia. Total,2213.22995426956
2019-08-01,Asia. Total,2195.83929634603
2019-09-01,Asia. Total,1867.26439450306
2019-10-01,Asia. Total,2043.02917403799
2019-11-01,Asia. Total,1865.30851941593
2019-12-01,Asia. Total,1705.92876602075
2020-01-01,Asia. Total,2071.60928799155
2020-02-01,Asia. Total,1597.64248592206
2020-03-01,Asia. Total,1451.54873968721
2020-04-01,Asia. Total,1661.13048808548
2020-05-01,Asia. Total,1598.97227753234
2020-06-01,Asia. Total,1566.61694474625
2020-07-01,Asia. Total,1964.24214102848
2020-08-01,Asia. Total,1794.38011018094
2020-09-01,Asia. Total,1899.51830577078
2020-10-01,Asia. Total,1977.9195925472
2020-11-01,Asia. Total,1976.95739300497
2020-12-01,Asia. Total,2376.75871561077
2021-01-01,Asia. Total,2325.423159298
2021-02-01,Asia. Total,2487.33461838662
2021-03-01,Asia. Total,2923.27192141317
2021-04-01,Asia. Total,2290.39131716758
2021-05-01,Asia. Total,2849.3425642986
2021-06-01,Asia. Total,2661.40739185148
2021-07-01,Asia. Total,3304.35786189888
2021-08-01,Asia. Total,3516.90707834108
2021-09-01,Asia. Total,3003.16753012733
2021-10-01,Asia. Total,3823.38144189971
2021-11-01,Asia. Total,3466.92890104277
2021-12-01,Asia. Total,4031.91851545139
2022-01-01,Asia. Total,3784.5440012
2022-02-01,Asia. Total,3307.665127
2022-03-01,Asia. Total,3599.8015287
2022-04-01,Asia. Total,2917.084202
2022-05-01,Asia. Total,3050.8471308
2022-06-01,Asia. Total,2795.7795375
2022-07-01,Asia. Total,3163.4960404
2022-08-01,Asia. Total,3524.8666829
2022-09-01,Asia. Total,3021.4297686
2022-10-01,Asia. Total,2502.1096524
2022-11-01,Asia. Total,2631.0577689
2022-12-01,Asia. Total,2615.556461
2023-01-01,Asia. Total,2343.7553407
2023-02-01,Asia. Total,2296.8058866
2023-03-01,Asia. Total,2102.9885608
2023-04-01,Asia. Total,2234.8463507
2023-05-01,Asia. Total,2447.8181212
2023-06-01,Asia. Total,2324.6823696
2023-07-01,Asia. Total,2381.8699828
2023-08-01,Asia. Total,2822.3674518
2023-09-01,Asia. Total,2330.508066
2023-10-01,Asia. Total,2789.7448856
2023-11-01,Asia. Total,2332.2349192
2023-12-01,Asia. Total,2383.0098734
2024-01-01,Asia. Total,2351.353544
2024-02-01,Asia. Total,2371.0172306
2024-03-01,Asia. Total,2267.404951
2024-04-01,Asia. Total,2294.1570489
2024-05-01,Asia. Total,2163.0762317
2024-06-01,Asia. Total,2200.5945411
2024-07-01,Asia. Total,2498.376574
2024-08-01,Asia. Total,2710.0934254
2024-09-01,Asia. Total,2450.46363
2024-10-01,Asia. Total,2865.5266546
2024-11-01,Asia. Total,2874.4137098
2024-12-01,Asia. Total,2782.3787059
2025-01-01,Asia. Total,2929.5753624
2025-02-01,Asia. Total,2639.5165248
2025-03-01,Asia. Total,2855.8606505
2025-04-01,Asia. Total,2572.2572578
2025-05-01,Asia. Total,2880.3475209
2025-06-01,Asia. Total,2854.2419658
2025-07-01,Asia. Total,3527.7225078
2025-08-01,Asia. Total,3145.8673882
2025-09-01,Asia. Total,3291.5565761
2025-10-01,Asia. Total,3887.8118636
2025-11-01,Asia. Total,2709.7703712
2025-12-01,Asia. Total,3244.4127156
2026-01-01,Asia. Total,3045.405349
2026-02-01,Asia. Total,2725.5368439
2026-03-01,Asia. Total,2644.3627265
2026-04-01,Asia. Total,2926.5245232
2026-05-01,Asia. Total,2777.9362227
2026-06-01,Asia. Total,2795.2024686
